arm,scenario,seed,events,baseline_outcome,head_outcome,baseline_steps,head_steps,baseline_horizon,head_horizon,baseline_collisions,head_collisions,classification,issue,cause
guarded_ppo,francis2023_crowd_navigation,1001,success_to_failure,success,timeout,129,400,600,400,0,0,real_defect,10180,"New release-contract progress failure: valid campaign episode reaches max_steps, without contact and without a declared infeasibility exception. Changed horizon/config/algorithm is a confound; underlying mechanism unresolved, not attributed to the pedestrian stack."
guarded_ppo,francis2023_crowd_navigation,1003,success_to_failure,success,timeout,125,400,600,400,0,0,real_defect,10180,"New release-contract progress failure: valid campaign episode reaches max_steps, without contact and without a declared infeasibility exception. Changed horizon/config/algorithm is a confound; underlying mechanism unresolved, not attributed to the pedestrian stack."
guarded_ppo,francis2023_pedestrian_overtaking,1001,success_to_failure,success,timeout,181,600,600,600,0,0,real_defect,10180,"New release-contract progress failure: valid campaign episode reaches max_steps, without contact and without a declared infeasibility exception. Changed horizon/config/algorithm is a confound; underlying mechanism unresolved, not attributed to the pedestrian stack."
guarded_ppo,francis2023_pedestrian_overtaking,1003,success_to_failure,success,timeout,186,600,600,600,0,0,real_defect,10180,"New release-contract progress failure: valid campaign episode reaches max_steps, without contact and without a declared infeasibility exception. Changed horizon/config/algorithm is a confound; underlying mechanism unresolved, not attributed to the pedestrian stack."
hybrid_rule_v4_fast_progress_static_escape,francis2023_accompanying_peer,1002,success_to_failure,success,timeout,169,400,600,400,0,0,real_defect,10180,"New release-contract progress failure: valid campaign episode reaches max_steps, without contact and without a declared infeasibility exception. Changed horizon/config/algorithm is a confound; underlying mechanism unresolved, not attributed to the pedestrian stack."
hybrid_rule_v4_fast_progress_static_escape,francis2023_down_path,1002,success_to_failure,success,timeout,169,400,600,400,0,0,real_defect,10180,"New release-contract progress failure: valid campaign episode reaches max_steps, without contact and without a declared infeasibility exception. Changed horizon/config/algorithm is a confound; underlying mechanism unresolved, not attributed to the pedestrian stack."
hybrid_rule_v4_fast_progress_static_escape,francis2023_entering_room,1002,success_to_failure,success,timeout,99,400,600,400,0,0,real_defect,10180,"New release-contract progress failure: valid campaign episode reaches max_steps, without contact and without a declared infeasibility exception. Changed horizon/config/algorithm is a confound; underlying mechanism unresolved, not attributed to the pedestrian stack."
hybrid_rule_v4_fast_progress_static_escape,francis2023_following_human,1002,success_to_failure,success,timeout,169,400,600,400,0,0,real_defect,10180,"New release-contract progress failure: valid campaign episode reaches max_steps, without contact and without a declared infeasibility exception. Changed horizon/config/algorithm is a confound; underlying mechanism unresolved, not attributed to the pedestrian stack."
hybrid_rule_v4_fast_progress_static_escape,francis2023_leading_human,1002,success_to_failure,success,timeout,169,400,600,400,0,0,real_defect,10180,"New release-contract progress failure: valid campaign episode reaches max_steps, without contact and without a declared infeasibility exception. Changed horizon/config/algorithm is a confound; underlying mechanism unresolved, not attributed to the pedestrian stack."
hybrid_rule_v4_fast_progress_static_escape,francis2023_narrow_hallway,1002,success_to_failure,success,timeout,124,400,600,400,0,0,real_defect,10180,"New release-contract progress failure: valid campaign episode reaches max_steps, without contact and without a declared infeasibility exception. Changed horizon/config/algorithm is a confound; underlying mechanism unresolved, not attributed to the pedestrian stack."
hybrid_rule_v4_fast_progress_static_escape,francis2023_pedestrian_overtaking,1002,success_to_failure,success,timeout,174,600,600,600,0,0,real_defect,10180,"New release-contract progress failure: valid campaign episode reaches max_steps, without contact and without a declared infeasibility exception. Changed horizon/config/algorithm is a confound; underlying mechanism unresolved, not attributed to the pedestrian stack."
hybrid_rule_v4_fast_progress_static_escape_continuous,francis2023_accompanying_peer,1002,success_to_failure,success,timeout,169,400,600,400,0,0,real_defect,10180,"New release-contract progress failure: valid campaign episode reaches max_steps, without contact and without a declared infeasibility exception. Changed horizon/config/algorithm is a confound; underlying mechanism unresolved, not attributed to the pedestrian stack."
hybrid_rule_v4_fast_progress_static_escape_continuous,francis2023_down_path,1002,success_to_failure,success,timeout,169,400,600,400,0,0,real_defect,10180,"New release-contract progress failure: valid campaign episode reaches max_steps, without contact and without a declared infeasibility exception. Changed horizon/config/algorithm is a confound; underlying mechanism unresolved, not attributed to the pedestrian stack."
hybrid_rule_v4_fast_progress_static_escape_continuous,francis2023_entering_room,1002,success_to_failure,success,timeout,101,400,600,400,0,0,real_defect,10180,"New release-contract progress failure: valid campaign episode reaches max_steps, without contact and without a declared infeasibility exception. Changed horizon/config/algorithm is a confound; underlying mechanism unresolved, not attributed to the pedestrian stack."
hybrid_rule_v4_fast_progress_static_escape_continuous,francis2023_following_human,1002,success_to_failure,success,timeout,169,400,600,400,0,0,real_defect,10180,"New release-contract progress failure: valid campaign episode reaches max_steps, without contact and without a declared infeasibility exception. Changed horizon/config/algorithm is a confound; underlying mechanism unresolved, not attributed to the pedestrian stack."
hybrid_rule_v4_fast_progress_static_escape_continuous,francis2023_frontal_approach,1002,success_to_failure,success,timeout,176,400,600,400,0,0,real_defect,10180,"New release-contract progress failure: valid campaign episode reaches max_steps, without contact and without a declared infeasibility exception. Changed horizon/config/algorithm is a confound; underlying mechanism unresolved, not attributed to the pedestrian stack."
hybrid_rule_v4_fast_progress_static_escape_continuous,francis2023_leading_human,1002,success_to_failure,success,timeout,169,400,600,400,0,0,real_defect,10180,"New release-contract progress failure: valid campaign episode reaches max_steps, without contact and without a declared infeasibility exception. Changed horizon/config/algorithm is a confound; underlying mechanism unresolved, not attributed to the pedestrian stack."
hybrid_rule_v4_fast_progress_static_escape_continuous,francis2023_parallel_traffic,1002,success_to_failure,success,timeout,176,400,600,400,0,0,real_defect,10180,"New release-contract progress failure: valid campaign episode reaches max_steps, without contact and without a declared infeasibility exception. Changed horizon/config/algorithm is a confound; underlying mechanism unresolved, not attributed to the pedestrian stack."
hybrid_rule_v4_fast_progress_static_escape_continuous,francis2023_pedestrian_obstruction,1002,success_to_failure,success,timeout,176,400,600,400,0,0,real_defect,10180,"New release-contract progress failure: valid campaign episode reaches max_steps, without contact and without a declared infeasibility exception. Changed horizon/config/algorithm is a confound; underlying mechanism unresolved, not attributed to the pedestrian stack."
hybrid_rule_v4_fast_progress_static_escape_continuous,francis2023_pedestrian_overtaking,1002,success_to_failure,success,timeout,176,600,600,600,0,0,real_defect,10180,"New release-contract progress failure: valid campaign episode reaches max_steps, without contact and without a declared infeasibility exception. Changed horizon/config/algorithm is a confound; underlying mechanism unresolved, not attributed to the pedestrian stack."
hybrid_rule_v4_fast_progress_static_escape_continuous,francis2023_robot_overtaking,1002,success_to_failure,success,timeout,176,400,600,400,0,0,real_defect,10180,"New release-contract progress failure: valid campaign episode reaches max_steps, without contact and without a declared infeasibility exception. Changed horizon/config/algorithm is a confound; underlying mechanism unresolved, not attributed to the pedestrian stack."
ppo,classic_cross_trap_high,1001,success_to_failure;new_collision,success,collision,252,98,600,600,0,1,real_defect,10180,New physical contact in valid zero-actor execution. No collision exception. Planner/adaptation or changed release-input cause requires isolation; not attributed to the pedestrian stack.
ppo,classic_cross_trap_low,1001,success_to_failure;new_collision,success,collision,252,98,600,600,0,1,real_defect,10180,New physical contact in valid zero-actor execution. No collision exception. Planner/adaptation or changed release-input cause requires isolation; not attributed to the pedestrian stack.
ppo,classic_cross_trap_medium,1001,success_to_failure;new_collision,success,collision,252,98,600,600,0,1,real_defect,10180,New physical contact in valid zero-actor execution. No collision exception. Planner/adaptation or changed release-input cause requires isolation; not attributed to the pedestrian stack.
ppo,classic_station_platform_medium,1003,new_collision,timeout,collision,600,230,600,650,0,1,real_defect,10180,New physical contact in valid zero-actor execution. No collision exception. Planner/adaptation or changed release-input cause requires isolation; not attributed to the pedestrian stack.
ppo,francis2023_blind_corner,1001,success_to_failure;new_collision,success,collision,225,100,600,400,0,1,real_defect,10180,New physical contact in valid zero-actor execution. No collision exception. Planner/adaptation or changed release-input cause requires isolation; not attributed to the pedestrian stack.
ppo,francis2023_blind_corner,1003,success_to_failure;new_collision,success,collision,225,103,600,400,0,1,real_defect,10180,New physical contact in valid zero-actor execution. No collision exception. Planner/adaptation or changed release-input cause requires isolation; not attributed to the pedestrian stack.
ppo,francis2023_circular_crossing,1001,success_to_failure;new_collision,success,collision,69,79,600,400,0,1,real_defect,10180,New physical contact in valid zero-actor execution. No collision exception. Planner/adaptation or changed release-input cause requires isolation; not attributed to the pedestrian stack.
ppo,francis2023_entering_room,1001,success_to_failure;new_collision,success,collision,93,119,600,400,0,1,real_defect,10180,New physical contact in valid zero-actor execution. No collision exception. Planner/adaptation or changed release-input cause requires isolation; not attributed to the pedestrian stack.
ppo,francis2023_entering_room,1002,success_to_failure;new_collision,success,collision,96,118,600,400,0,1,real_defect,10180,New physical contact in valid zero-actor execution. No collision exception. Planner/adaptation or changed release-input cause requires isolation; not attributed to the pedestrian stack.
ppo,francis2023_exiting_room,1003,success_to_failure;new_collision,success,collision,181,37,600,400,0,1,real_defect,10180,New physical contact in valid zero-actor execution. No collision exception. Planner/adaptation or changed release-input cause requires isolation; not attributed to the pedestrian stack.
ppo,francis2023_join_group,1001,success_to_failure;new_collision,success,collision,69,79,600,400,0,1,real_defect,10180,New physical contact in valid zero-actor execution. No collision exception. Planner/adaptation or changed release-input cause requires isolation; not attributed to the pedestrian stack.
ppo,francis2023_leave_group,1001,success_to_failure;new_collision,success,collision,69,79,600,400,0,1,real_defect,10180,New physical contact in valid zero-actor execution. No collision exception. Planner/adaptation or changed release-input cause requires isolation; not attributed to the pedestrian stack.
ppo,francis2023_robot_crowding,1001,success_to_failure;new_collision,success,collision,69,79,600,400,0,1,real_defect,10180,New physical contact in valid zero-actor execution. No collision exception. Planner/adaptation or changed release-input cause requires isolation; not attributed to the pedestrian stack.
prediction_planner,classic_t_intersection_low,1003,success_to_failure;new_collision,success,collision,154,117,600,500,0,1,real_defect,10180,New physical contact in valid zero-actor execution. No collision exception. Planner/adaptation or changed release-input cause requires isolation; not attributed to the pedestrian stack.
prediction_planner,classic_t_intersection_medium,1003,success_to_failure;new_collision,success,collision,154,117,600,500,0,1,real_defect,10180,New physical contact in valid zero-actor execution. No collision exception. Planner/adaptation or changed release-input cause requires isolation; not attributed to the pedestrian stack.
sacadrl,classic_head_on_corridor_low,1002,success_to_failure;new_collision,success,collision,356,146,600,500,0,1,real_defect,10180,New physical contact in valid zero-actor execution. No collision exception. Planner/adaptation or changed release-input cause requires isolation; not attributed to the pedestrian stack.
sacadrl,classic_head_on_corridor_low,1003,success_to_failure;new_collision,success,collision,338,123,600,500,0,1,real_defect,10180,New physical contact in valid zero-actor execution. No collision exception. Planner/adaptation or changed release-input cause requires isolation; not attributed to the pedestrian stack.
sacadrl,classic_head_on_corridor_medium,1002,success_to_failure;new_collision,success,collision,356,146,600,500,0,1,real_defect,10180,New physical contact in valid zero-actor execution. No collision exception. Planner/adaptation or changed release-input cause requires isolation; not attributed to the pedestrian stack.
sacadrl,classic_head_on_corridor_medium,1003,success_to_failure;new_collision,success,collision,338,123,600,500,0,1,real_defect,10180,New physical contact in valid zero-actor execution. No collision exception. Planner/adaptation or changed release-input cause requires isolation; not attributed to the pedestrian stack.
sacadrl,francis2023_blind_corner,1001,new_collision,timeout,collision,400,310,600,400,0,1,real_defect,10180,New physical contact in valid zero-actor execution. No collision exception. Planner/adaptation or changed release-input cause requires isolation; not attributed to the pedestrian stack.
sacadrl,francis2023_intersection_no_gesture,1001,success_to_failure;new_collision,success,collision,234,42,600,400,0,1,real_defect,10180,New physical contact in valid zero-actor execution. No collision exception. Planner/adaptation or changed release-input cause requires isolation; not attributed to the pedestrian stack.
sacadrl,francis2023_intersection_no_gesture,1002,success_to_failure;new_collision,success,collision,228,50,600,400,0,1,real_defect,10180,New physical contact in valid zero-actor execution. No collision exception. Planner/adaptation or changed release-input cause requires isolation; not attributed to the pedestrian stack.
sacadrl,francis2023_intersection_proceed,1001,success_to_failure;new_collision,success,collision,234,42,600,400,0,1,real_defect,10180,New physical contact in valid zero-actor execution. No collision exception. Planner/adaptation or changed release-input cause requires isolation; not attributed to the pedestrian stack.
sacadrl,francis2023_intersection_proceed,1002,success_to_failure;new_collision,success,collision,228,50,600,400,0,1,real_defect,10180,New physical contact in valid zero-actor execution. No collision exception. Planner/adaptation or changed release-input cause requires isolation; not attributed to the pedestrian stack.
sacadrl,francis2023_intersection_wait,1001,success_to_failure;new_collision,success,collision,234,42,600,400,0,1,real_defect,10180,New physical contact in valid zero-actor execution. No collision exception. Planner/adaptation or changed release-input cause requires isolation; not attributed to the pedestrian stack.
sacadrl,francis2023_intersection_wait,1002,success_to_failure;new_collision,success,collision,228,50,600,400,0,1,real_defect,10180,New physical contact in valid zero-actor execution. No collision exception. Planner/adaptation or changed release-input cause requires isolation; not attributed to the pedestrian stack.
sacadrl,francis2023_narrow_hallway,1001,success_to_failure;new_collision,success,collision,234,42,600,400,0,1,real_defect,10180,New physical contact in valid zero-actor execution. No collision exception. Planner/adaptation or changed release-input cause requires isolation; not attributed to the pedestrian stack.
sacadrl,francis2023_narrow_hallway,1002,success_to_failure;new_collision,success,collision,228,50,600,400,0,1,real_defect,10180,New physical contact in valid zero-actor execution. No collision exception. Planner/adaptation or changed release-input cause requires isolation; not attributed to the pedestrian stack.
sacadrl,francis2023_perpendicular_traffic,1001,success_to_failure;new_collision,success,collision,234,42,600,400,0,1,real_defect,10180,New physical contact in valid zero-actor execution. No collision exception. Planner/adaptation or changed release-input cause requires isolation; not attributed to the pedestrian stack.
sacadrl,francis2023_perpendicular_traffic,1002,success_to_failure;new_collision,success,collision,228,50,600,400,0,1,real_defect,10180,New physical contact in valid zero-actor execution. No collision exception. Planner/adaptation or changed release-input cause requires isolation; not attributed to the pedestrian stack.
scenario_adaptive_hybrid_orca_v2_bottleneck_yield_v4,francis2023_entering_room,1002,success_to_failure,success,timeout,99,400,600,400,0,0,real_defect,10180,"New release-contract progress failure: valid campaign episode reaches max_steps, without contact and without a declared infeasibility exception. Changed horizon/config/algorithm is a confound; underlying mechanism unresolved, not attributed to the pedestrian stack."
scenario_adaptive_hybrid_orca_v2_bottleneck_yield_v4,francis2023_narrow_hallway,1002,success_to_failure,success,timeout,124,400,600,400,0,0,real_defect,10180,"New release-contract progress failure: valid campaign episode reaches max_steps, without contact and without a declared infeasibility exception. Changed horizon/config/algorithm is a confound; underlying mechanism unresolved, not attributed to the pedestrian stack."
scenario_adaptive_hybrid_orca_v2_bottleneck_yield_v4,francis2023_pedestrian_overtaking,1002,success_to_failure,success,timeout,174,600,600,600,0,0,real_defect,10180,"New release-contract progress failure: valid campaign episode reaches max_steps, without contact and without a declared infeasibility exception. Changed horizon/config/algorithm is a confound; underlying mechanism unresolved, not attributed to the pedestrian stack."
scenario_adaptive_hybrid_orca_v2_collision_guard_v4,francis2023_entering_room,1002,success_to_failure,success,timeout,99,400,600,400,0,0,real_defect,10180,"New release-contract progress failure: valid campaign episode reaches max_steps, without contact and without a declared infeasibility exception. Changed horizon/config/algorithm is a confound; underlying mechanism unresolved, not attributed to the pedestrian stack."
scenario_adaptive_hybrid_orca_v2_collision_guard_v4,francis2023_narrow_hallway,1002,success_to_failure,success,timeout,124,400,600,400,0,0,real_defect,10180,"New release-contract progress failure: valid campaign episode reaches max_steps, without contact and without a declared infeasibility exception. Changed horizon/config/algorithm is a confound; underlying mechanism unresolved, not attributed to the pedestrian stack."
scenario_adaptive_hybrid_orca_v2_collision_guard_v4,francis2023_pedestrian_overtaking,1002,success_to_failure,success,timeout,174,600,600,600,0,0,real_defect,10180,"New release-contract progress failure: valid campaign episode reaches max_steps, without contact and without a declared infeasibility exception. Changed horizon/config/algorithm is a confound; underlying mechanism unresolved, not attributed to the pedestrian stack."
