step,time_s,robot_x_m,robot_y_m,robot_heading_rad,executed_vx_m_s,executed_vy_m_s,executed_speed_m_s,commanded_linear_velocity_m_s,commanded_angular_velocity_rad_s,nearest_pedestrian_id,min_robot_ped_distance_m,pedestrian_count,pedestrian_positions_json
0,0.1,12.078074233871732,18.649104123029886,0.026973284780979156,0.04318883307103505,0.0011190858319309882,0.04320332921357982,0.8640665842715763,0.4270474202297829,2,7.291329352941517,3,"[{""id"":""0"",""x_m"":19.628483493763564,""y_m"":20.93898694297279},{""id"":""1"",""x_m"":20.285305466625804,""y_m"":17.807067362775072},{""id"":""2"",""x_m"":19.280071615100564,""y_m"":17.511247605783705}]"
1,0.2,12.090600050142767,18.6494808305823,0.03315757215023041,0.12525816271034884,0.0037670755241236975,0.1253147963473455,0.8645694168310896,0.42546772515483067,2,7.302888651525659,3,"[{""id"":""0"",""x_m"":19.63223178096182,""y_m"":20.881346028379184},{""id"":""1"",""x_m"":20.281530643397556,""y_m"":17.765852712613874},{""id"":""2"",""x_m"":19.294216450369415,""y_m"":17.449441908310227}]"
2,0.30000000000000004,12.11051693287339,18.65023916144531,0.04295521229505539,0.19916882730623087,0.007583308630110253,0.1993131414140039,0.8660270771967071,0.4208883500587772,2,7.312607986483524,3,"[{""id"":""0"",""x_m"":19.636548371491724,""y_m"":20.821108089771617},{""id"":""1"",""x_m"":20.279094536163655,""y_m"":17.725654530635854},{""id"":""2"",""x_m"":19.31348579910777,""y_m"":17.38870237005125}]"
3,0.4,12.137094424390995,18.651554502029857,0.055945634841918945,0.2657749151760491,0.013153405845471866,0.26610020222121555,0.8683404217755963,0.4136207637245173,2,7.320219367351869,3,"[{""id"":""0"",""x_m"":19.641294259298054,""y_m"":20.75889800793481},{""id"":""1"",""x_m"":20.27802955219855,""y_m"":17.686865770934734},{""id"":""2"",""x_m"":19.336781451571568,""y_m"":17.32863413526504}]"
4,0.5,12.169675715473401,18.653637168031057,0.07172495126724243,0.32581291082406594,0.020826660012005505,0.3264778746361021,0.8714134309646022,0.40396662063192235,2,7.3253794134281485,3,"[{""id"":""0"",""x_m"":19.646364160728137,""y_m"":20.695228166115214},{""id"":""1"",""x_m"":20.278140494118198,""y_m"":17.649552519431168},{""id"":""2"",""x_m"":19.36303665760933,""y_m"":17.269172684257562}]"
5,0.6000000000000001,12.207667160317426,18.656714190105532,0.08990723639726639,0.37991444844024613,0.03077022074474911,0.3811584901564401,0.8751546287141408,0.3922133012663451,2,7.327619209613063,3,"[{""id"":""0"",""x_m"":19.65137152556182,""y_m"":20.630455576153715},{""id"":""1"",""x_m"":20.279412811810424,""y_m"":17.613670489050932},{""id"":""2"",""x_m"":19.391168147649267,""y_m"":17.21057559159817}]"
6,0.7000000000000001,12.250529299101142,18.661015458456273,0.11012554913759232,0.42862138783716475,0.04301268350740628,0.43077416943680075,0.8794759372061853,0.37863751025384307,2,7.326915985490515,3,"[{""id"":""0"",""x_m"":19.656192028457372,""y_m"":20.56563457067066},{""id"":""1"",""x_m"":20.281470926605042,""y_m"":17.579002193258926},{""id"":""2"",""x_m"":19.42048520990855,""y_m"":17.152562577019673}]"
7,0.8,12.297769420797653,18.66676336751993,0.13203272223472595,0.4724012169651104,0.0574790906365763,0.47588523369666036,0.8842936868645196,0.3635021033203856,2,7.32334650695428,3,"[{""id"":""0"",""x_m"":19.660806210448175,""y_m"":20.50079855194221},{""id"":""1"",""x_m"":20.283932864942436,""y_m"":17.54530868027853},{""id"":""2"",""x_m"":19.45043041949784,""y_m"":17.09487129151958}]"
8,0.9,12.34893558017295,18.67416527021706,0.15530197322368622,0.5116615937529723,0.07401902697129259,0.5169878169508528,0.889528445612701,0.347056623693784,2,7.317062397503113,3,"[{""id"":""0"",""x_m"":19.66520372994965,""y_m"":20.435947477762717},{""id"":""1"",""x_m"":20.286447366807053,""y_m"":17.51234444185828},{""id"":""2"",""x_m"":19.48055434641701,""y_m"":17.037273122911813}]"
9,1.0,12.403611907011685,18.683408186870906,0.17962726950645447,0.5467632683873447,0.09242916653846578,0.5545207142069689,0.8951051334111155,0.3295369422749208,2,7.303563946487877,3,"[{""id"":""0"",""x_m"":19.669379296119605,""y_m"":20.37108173451437},{""id"":""1"",""x_m"":20.2887043643752,""y_m"":17.47987186899956},{""id"":""2"",""x_m"":19.50505139080937,""y_m"":16.977066023529442}]"
10,1.1,12.461415013423712,18.694655322159672,0.2047235518693924,0.5780310641202746,0.11247135288765975,0.5888715618098717,0.9009532470611146,0.31116455139472565,2,7.288957527946588,3,"[{""id"":""0"",""x_m"":19.673335259028477,""y_m"":20.306202228062304},{""id"":""1"",""x_m"":20.290072571197694,""y_m"":17.44665027293782},{""id"":""2"",""x_m"":19.53032481246451,""y_m"":16.91718068176836}]"
11,1.2000000000000002,12.521991296494306,18.708044028174214,0.23032674193382263,0.6057628307059382,0.13388706014541896,0.6203824239445006,0.9070071192512628,0.29214575099638473,2,7.269419478024498,3,"[{""id"":""0"",""x_m"":19.67709115970934,""y_m"":20.24131083256124},{""id"":""1"",""x_m"":20.29054539980671,""y_m"":17.413067774521533},{""id"":""2"",""x_m"":19.551452038863598,""y_m"":16.855710035890173}]"
12,1.3,12.585014941177446,18.723684917578918,0.25619369745254517,0.6302364468314003,0.15640889404703984,0.6493548498715372,0.913206247178221,0.2726706162423893,0,7.242829072940358,3,"[{""id"":""0"",""x_m"":19.680659112714757,""y_m"":20.176408831734214},{""id"":""1"",""x_m"":20.289828522328204,""y_m"":17.378511570855885},{""id"":""2"",""x_m"":19.56975141960397,""y_m"":16.79333910785059}]"
13,1.4000000000000001,12.650186439669314,18.741661881220054,0.28210189938545227,0.6517149849186765,0.17976963641135768,0.6760543940712334,0.9194943365589913,0.2529160008386455,0,7.166020003714983,3,"[{""id"":""0"",""x_m"":19.684060806454312,""y_m"":20.111499129190857},{""id"":""1"",""x_m"":20.287799608983267,""y_m"":17.342815221550694},{""id"":""2"",""x_m"":19.586087113143254,""y_m"":16.730425316702775}]"
14,1.5,12.717231471556511,18.762032806293618,0.30784907937049866,0.6704503188719713,0.20370925073564194,0.7007146986547411,0.9258205432532965,0.23304163636272524,0,7.087478297195318,3,"[{""id"":""0"",""x_m"":19.687314314788583,""y_m"":20.046670409548543},{""id"":""1"",""x_m"":20.284436477321226,""y_m"":17.306005748293263},{""id"":""2"",""x_m"":19.60104758630059,""y_m"":16.66717040193002}]"
15,1.6,12.785900016187895,18.784830824275932,0.3332526981830597,0.6866854463138417,0.22798017982314178,0.7235411975633674,0.9321388322288023,0.21319214613401893,0,7.008186233477863,3,"[{""id"":""0"",""x_m"":19.691053685993882,""y_m"":19.98213073635876},{""id"":""1"",""x_m"":20.279160258301292,""y_m"":17.268049161700493},{""id"":""2"",""x_m"":19.615043328685214,""y_m"":16.603695058724146}]"
16,1.7000000000000002,12.855965586139417,18.81006594265981,0.3581494092941284,0.7006556995152202,0.2523511838387904,0.7447143944143967,0.9384074999185447,0.19349854577212877,0,6.928341094793694,3,"[{""id"":""0"",""x_m"":19.695159045989442,""y_m"":19.917921142833436},{""id"":""1"",""x_m"":20.272214509508608,""y_m"":17.229175607596158},{""id"":""2"",""x_m"":19.62832153597458,""y_m"":16.540065747780364}]"
17,1.8,12.927224506061691,18.837726940573962,0.38239428400993347,0.7125891992227373,0.2766099791415044,0.7643928619561838,0.9445906397459948,0.17407363911409313,0,6.848152978279349,3,"[{""id"":""0"",""x_m"":19.699538523698052,""y_m"":19.854074351867148},{""id"":""1"",""x_m"":20.263811553310365,""y_m"":17.189540227358005},{""id"":""2"",""x_m"":19.641085109753575,""y_m"":16.47633121095465}]"
18,1.9000000000000001,12.999495175937597,18.86778342565467,0.40586015582084656,0.7227066987590547,0.30056485080709905,0.7827159139636198,0.9506561243151992,0.1550183573510182,0,6.767838120286252,3,"[{""id"":""0"",""x_m"":19.704121523660977,""y_m"":19.79061513285442},{""id"":""1"",""x_m"":20.254138106193746,""y_m"":17.149242239380154},{""id"":""2"",""x_m"":19.653499522272607,""y_m"":16.41252774426351}]"
19,2.0,13.07261727756196,18.900187967209455,0.42843663692474365,0.7312210162436372,0.32404541554782895,0.7998059801814079,0.9565770279677421,0.1364172899335765,0,6.687613886546354,3,"[{""id"":""0"",""x_m"":19.708853683549776,""y_m"":19.727560833195252},{""id"":""1"",""x_m"":20.24335974733745,""y_m"":17.108339785339147},{""id"":""2"",""x_m"":19.665698839690716,""y_m"":16.34868280198511}]"
20,2.1,13.14645090754962,18.934878239105792,0.4500292241573334,0.7383362998765897,0.34690271896337777,0.8157707938751164,0.9623312062693636,0.11834000565375646,0,6.60769721891175,3,"[{""id"":""0"",""x_m"":19.713695673426113,""y_m"":19.66491845846489},{""id"":""1"",""x_m"":20.230168818915512,""y_m"":17.06270197709504},{""id"":""2"",""x_m"":20.880381729023462,""y_m"":27.741678167038256}]"
21,2.2,13.220875621050487,18.971779114667918,0.4705584943294525,0.7442471350086777,0.3690087556212518,0.8307052784795397,0.9679000735694769,0.10084489305490418,0,6.528235341384766,3,"[{""id"":""0"",""x_m"":19.718560889002788,""y_m"":19.60260621549723},{""id"":""1"",""x_m"":20.21520764030292,""y_m"":17.013265053464394},{""id"":""2"",""x_m"":20.8759081576599,""y_m"":27.687189136531813}]"
22,2.3000000000000003,13.295789392959701,19.01080467348716,0.48995891213417053,0.7491377190921433,0.39025558819243855,0.8446932853302465,0.9732706204036716,0.08397282257483818,0,6.449409747769813,3,"[{""id"":""0"",""x_m"":19.723403400298572,""y_m"":19.540582237460406},{""id"":""1"",""x_m"":20.198989369360703,""y_m"":16.960743297208253},{""id"":""2"",""x_m"":20.865230143488095,""y_m"":27.636111323185034}]"
23,2.4000000000000004,13.370702046730482,19.05152760631578,0.505882203578949,0.7491265377078093,0.40722932828618497,0.8526583696384545,0.8754176364207575,-0.3913870381874007,0,6.3718418009503806,3,"[{""id"":""0"",""x_m"":19.728200225205327,""y_m"":19.47882708797661},{""id"":""1"",""x_m"":20.1819282856428,""y_m"":16.905739207789416},{""id"":""2"",""x_m"":20.849462630755536,""y_m"":27.587778195537688}]"
24,2.5,13.445246807948683,19.09332718552147,0.5162074565887451,0.7454476121820086,0.4179957920569066,0.8546418107518138,0.8695679251232106,-0.4097644482253955,0,6.29603767547277,3,"[{""id"":""0"",""x_m"":19.73294192738429,""y_m"":19.41733412371606},{""id"":""1"",""x_m"":20.164359508334815,""y_m"":16.84873963142495},{""id"":""2"",""x_m"":20.829541441695167,""y_m"":27.541628712555703}]"
25,2.6,13.51957812890824,19.135765420254717,0.5213380455970764,0.7433132095955663,0.42438234733246816,0.8559292635999064,0.8654647533424498,-0.42265494254825065,0,6.22195142329081,3,"[{""id"":""0"",""x_m"":19.737626922981182,""y_m"":19.356103134499385},{""id"":""1"",""x_m"":20.146554315654246,""y_m"":16.790124870425654},{""id"":""2"",""x_m"":20.806254563643385,""y_m"":27.497190318047288}]"
26,2.7,13.593864781804628,19.178448604846036,0.5216901898384094,0.7428665289638836,0.4268318459131848,0.8567590702995244,0.8629899078496337,-0.4304298989672515,0,6.149500449780474,3,"[{""id"":""0"",""x_m"":19.742258046692132,""y_m"":19.295136402563834},{""id"":""1"",""x_m"":20.128731786225504,""y_m"":16.73019306545612},{""id"":""2"",""x_m"":20.780267506371338,""y_m"":27.45406514669147}]"
27,2.8000000000000003,13.668279092407547,19.22102466203589,0.5176875591278076,0.7441431060291848,0.4257605718985502,0.8573336729851121,0.8620202864612097,-0.4334760543978877,0,6.0785762191998165,3,"[{""id"":""0"",""x_m"":19.746840515612003,""y_m"":19.23443648339405},{""id"":""1"",""x_m"":20.111067797512028,""y_m"":16.669178666747094},{""id"":""2"",""x_m"":20.752143910934574,""y_m"":27.411918681209485}]"
28,2.9000000000000004,13.742988712328621,19.263179995956182,0.509756863117218,0.7470961992107483,0.4215533392029158,0.8578227956100694,0.8624295120081154,-0.43219043442606786,0,6.009053702198282,3,"[{""id"":""0"",""x_m"":19.751380694707258,""y_m"":19.174004988297106},{""id"":""1"",""x_m"":20.093702171776762,""y_m"":16.6072665742953},{""id"":""2"",""x_m"":20.722362355012375,""y_m"":27.370470305274093}]"
29,3.0,13.818150581685924,19.304636279433378,0.4983234107494354,0.7516186935730218,0.41456283477195655,0.8583664744749626,0.8640896565100247,-0.42697493665497177,0,5.940799314332977,3,"[{""id"":""0"",""x_m"":19.755885336328344,""y_m"":19.11384194856717},{""id"":""1"",""x_m"":20.076744462888865,""y_m"":16.54460304993287},{""id"":""2"",""x_m"":20.6913301082727,""y_m"":27.32948534672979}]"
30,3.1,13.89390673420508,19.345147440424675,0.4838072657585144,0.7575615251915657,0.40511160991297146,0.8590779248338598,0.8668722996178484,-0.41823300550987064,0,5.87367733803507,3,"[{""id"":""0"",""x_m"":19.76036110712088,""y_m"":19.053945514188168},{""id"":""1"",""x_m"":20.06038076914547,""y_m"":16.48169653574656},{""id"":""2"",""x_m"":20.65939443693534,""y_m"":27.288768313909976}]"
31,3.2,13.970381621268467,19.384496991967683,0.4666197597980499,0.7647488706338734,0.3934955154300823,0.8600462521279719,0.8706500959319108,-0.40636470836285365,0,5.807555846925109,3,"[{""id"":""0"",""x_m"":19.764815353225213,""y_m"":18.9943141615973},{""id"":""1"",""x_m"":20.04466334578219,""y_m"":16.418625444089454},{""id"":""2"",""x_m"":20.62685193297714,""y_m"":27.248157105024823}]"
32,3.3000000000000003,14.047680667541806,19.422495763623914,0.44716036319732666,0.7729904627333894,0.37998771656230446,0.8613390274537743,0.8752979148403109,-0.391763154625008,0,5.742309113411943,3,"[{""id"":""0"",""x_m"":19.76925446730143,""y_m"":18.934943501934892},{""id"":""1"",""x_m"":20.02961133145092,""y_m"":16.355392249764233},{""id"":""2"",""x_m"":20.593956244873908,""y_m"":27.207518025192037}]"
33,3.4000000000000004,14.125889806477787,19.458980031277843,0.4258140027523041,0.7820913893598025,0.3648426765392898,0.8630047044686947,0.8806936803655513,-0.37481185729041977,0,5.677820406052559,3,"[{""id"":""0"",""x_m"":19.773683732038446,""y_m"":18.87582624556865},{""id"":""1"",""x_m"":20.01523323705258,""y_m"":16.292002420915495},{""id"":""2"",""x_m"":20.56092450873894,""y_m"":27.166741484148435}]"
34,3.5,14.205075781319959,19.49381000415849,0.40294885635375977,0.7918597484217216,0.34829972880647375,0.8650748882363742,0.8867194039254002,-0.35588148842223566,0,5.613973399842243,3,"[{""id"":""0"",""x_m"":19.778091416205765,""y_m"":18.816909666254425},{""id"":""1"",""x_m"":19.62416254613708,""y_m"":27.103589142733814},{""id"":""2"",""x_m"":20.53634809047036,""y_m"":27.130712884972038}]"
35,3.6,14.28528703116908,19.526868606825456,0.37891414761543274,0.802112498491212,0.330586026669657,0.8675664708050016,0.8932620239198439,-0.3353272415124615,0,5.550680046807397,3,"[{""id"":""0"",""x_m"":19.78248543773126,""y_m"":18.75819529460759},{""id"":""1"",""x_m"":19.61891333288809,""y_m"":27.04617576024448},{""id"":""2"",""x_m"":20.517984155767397,""y_m"":27.09794409579439}]"
36,3.7,14.366555008546714,19.558060483712676,0.3540388345718384,0.8126797737763347,0.3119187688722036,0.8704836202249332,0.900213906088772,-0.3134872595619349,0,5.487864154369512,3,"[{""id"":""0"",""x_m"":19.786871900348523,""y_m"":18.69967958384259},{""id"":""1"",""x_m"":19.617120078567545,""y_m"":26.990825095419552},{""id"":""2"",""x_m"":20.504224808339387,""y_m"":27.067526753703273}]"
37,3.8000000000000003,14.448895798567232,19.587311152941048,0.3286302387714386,0.8234079002051864,0.29250669228371606,0.8738196239219366,0.9074734083013883,-0.2906808607420608,0,5.425462046999218,3,"[{""id"":""0"",""x_m"":19.791255285198122,""y_m"":18.64135473796524},{""id"":""1"",""x_m"":19.618189183788314,""y_m"":26.937069709980147},{""id"":""2"",""x_m"":20.493886402054397,""y_m"":27.038893358396184}]"
38,3.9000000000000004,14.532311930187308,19.61456624150555,0.30297303199768066,0.8341613162007633,0.2725508856450176,0.8775585944606054,0.9149452503158073,-0.26720737676077855,0,5.363422852119092,3,"[{""id"":""0"",""x_m"":19.79563860902265,""y_m"":18.58320938643868},{""id"":""1"",""x_m"":19.621613610869428,""y_m"":26.88452750153075},{""id"":""2"",""x_m"":20.486075167948698,""y_m"":27.011681363202186}]"
39,4.0,14.616794287303831,19.63979074322509,0.2773287892341614,0.8448235711652252,0.2522450171954205,0.8816770469374159,0.9225409881414195,-0.24334466260924126,0,5.301708519524074,3,"[{""id"":""0"",""x_m"":19.800023555716034,""y_m"":18.525229135654993},{""id"":""1"",""x_m"":19.62695892696818,""y_m"":26.832885403603207},{""id"":""2"",""x_m"":20.480099159996268,""y_m"":26.985651695182288}]"
40,4.1000000000000005,14.702324041407936,19.662968251851005,0.25193551182746887,0.8552975410410468,0.2317750862591339,0.8861453460473006,0.9301790879311551,-0.21934886442242219,0,5.240293663868252,3,"[{""id"":""0"",""x_m"":19.804410586855862,""y_m"":18.467397021711623},{""id"":""1"",""x_m"":19.63385189637027,""y_m"":26.781886337139493},{""id"":""2"",""x_m"":20.475409063671798,""y_m"":26.960638502100643}]"
41,4.2,14.788874539748631,19.684100133496194,0.22700756788253784,0.8655049834069573,0.2113188164518931,0.8909290198937883,0.9377850810932611,-0.19545393218109552,0,5.179165302931017,3,"[{""id"":""0"",""x_m"":19.80879903590687,""y_m"":18.409693884313853},{""id"":""1"",""x_m"":19.641971107595282,""y_m"":26.731318733475486},{""id"":""2"",""x_m"":20.471557906196438,""y_m"":26.936517901580128}]"
42,4.3,14.876413095101737,19.703204614465044,0.2027357667684555,0.8753855535310606,0.19104480968849202,0.8959899478452833,0.9452915177241854,-0.17187176600674636,0,5.1183225490380915,3,"[{""id"":""0"",""x_m"":19.813187189999866,""y_m"":18.35209867785809},{""id"":""1"",""x_m"":19.65103923396995,""y_m"":26.68100809754654},{""id"":""2"",""x_m"":20.46817363961044,""y_m"":26.913188632941868}]"
43,4.4,14.964902634952328,19.720315771732352,0.1792878359556198,0.8848953985059005,0.17111157267308386,0.9012874328423605,0.952638077907898,-0.14879186650443987,0,5.05777629742649,3,"[{""id"":""0"",""x_m"":19.817572362538634,""y_m"":18.29458873271799},{""id"":""1"",""x_m"":19.6608166125071,""y_m"":26.630810195471085},{""id"":""2"",""x_m"":20.464940679966187,""y_m"":26.89056019454771}]"
44,4.5,15.054303179132216,19.73548242320317,0.15680882334709167,0.8940054417988819,0.15166651470817527,0.9067791691750198,0.9597715144301465,-0.12638151473129478,0,4.997548943353235,3,"[{""id"":""0"",""x_m"":19.821950959333897,""y_m"":18.237139977315376},{""id"":""1"",""x_m"":19.671095891998295,""y_m"":26.580605540316345},{""id"":""2"",""x_m"":20.461587720070817,""y_m"":26.868545636842818}]"
45,4.6000000000000005,15.144573123181035,19.748766922459644,0.13542187213897705,0.9026994404881883,0.13284499256474902,0.9124220908697994,0.9666452578154581,-0.10478701300933846,0,4.937674151267855,3,"[{""id"":""0"",""x_m"":19.82631854049188,""y_m"":18.179727129596625},{""id"":""1"",""x_m"":19.681697552141173,""y_m"":26.530294919527933},{""id"":""2"",""x_m"":20.45787992540464,""y_m"":26.84705721107383}]"
46,4.7,15.235670315436044,19.760243869131894,0.11522901803255081,0.9109719225500967,0.11476946672249966,0.9181731177541556,0.9732194616113594,-0.08413354266093265,0,4.8781966890714665,3,"[{""id"":""0"",""x_m"":19.83066987987609,""y_m"":18.122323864960872},{""id"":""1"",""x_m"":19.69246613497027,""y_m"":26.479795761732227},{""id"":""2"",""x_m"":20.453614164286304,""y_m"":26.826003768336573}]"
47,4.800000000000001,15.327552925257747,19.76999875066545,0.09631214290857315,0.9188260982170249,0.09754881533556414,0.9239898106246053,0.9794606313057688,-0.06452632979916917,0,4.819172331729548,3,"[{""id"":""0"",""x_m"":19.83499902360131,""y_m"":18.06490296642487},{""id"":""1"",""x_m"":19.70326706059472,""y_m"":26.429039182891557},{""id"":""2"",""x_m"":20.448616300569427,""y_m"":26.80528926808782}]"
48,4.9,15.420180106522299,19.77812653392842,0.07873407006263733,0.9262718126455205,0.0812778326296737,0.9298309292439112,0.9853413623296753,-0.04605146841672658,0,4.760667832153043,3,"[{""id"":""0"",""x_m"":19.8392993486973,""y_m"":18.007436461799642},{""id"":""1"",""x_m"":19.713983923328232,""y_m"":26.37796758480342},{""id"":""2"",""x_m"":20.442739836621442,""y_m"":26.784812051728967}]"
49,5.0,15.513512467986255,19.7847302265715,0.06253966689109802,0.9333236146395585,0.06603692643082582,0.9356569057599486,0.9908400264787881,-0.028776905521316287,0,4.7027609499993215,3,"[{""id"":""0"",""x_m"":19.843563622788036,""y_m"":17.949895751846796},{""id"":""1"",""x_m"":19.724516183272264,""y_m"":26.326532704762677},{""id"":""2"",""x_m"":20.43586536879425,""y_m"":26.76446471038486}]"
50,5.1000000000000005,15.607512367432015,19.789919428235567,0.047757044434547424,0.939998994457607,0.05189201664066445,0.9414302369120865,0.9959404080839546,-0.012753584140020813,0,4.645540523429032,3,"[{""id"":""0"",""x_m"":19.847784065363665,""y_m"":17.892251732736398},{""id"":""1"",""x_m"":19.73477718344799,""y_m"":26.27469403545008},{""id"":""2"",""x_m"":20.427900434744345,""y_m"":26.74413446221154}]"
51,5.2,15.702137741416866,19.79380863182055,0.034398842602968216,0.9462537398485082,0.03889203584982681,0.9470526546237187,0.9993684199729249,0.001984167173213258,0,4.589112158483116,3,"[{""id"":""0"",""x_m"":19.85195241097208,""y_m"":17.834474915609366},{""id"":""1"",""x_m"":19.74469243454602,""y_m"":26.222417550006742},{""id"":""2"",""x_m"":20.418779415871402,""y_m"":26.723703982328853}]"
52,5.300000000000001,15.797306310163922,19.796515112982167,0.02246345952153206,0.9516856874705582,0.027064811616170914,0.952070455252198,0.9950929018441513,0.015416103516858293,0,4.533629755467579,3,"[{""id"":""0"",""x_m"":19.856059974421733,""y_m"":17.776535545626395},{""id"":""1"",""x_m"":19.75419811893865,""y_m"":26.16967467975799},{""id"":""2"",""x_m"":20.408463228181454,""y_m"":26.703052621375537}]"
53,5.4,15.892910147439169,19.79815965322168,0.011936374939978123,0.9560383727524702,0.01644540239514214,0.9561798060172204,0.991235023960557,0.02753598433440496,0,4.479281410020544,3,"[{""id"":""0"",""x_m"":19.86009771786486,""y_m"":17.71840372253762},{""id"":""1"",""x_m"":19.763239773276258,""y_m"":26.116441501905346},{""id"":""2"",""x_m"":20.39693860421008,""y_m"":26.682057926113263}]"
54,5.5,15.988858868235887,19.79886622289637,0.002791427541524172,0.9594872079671823,0.007065696746870742,0.9595132236312212,0.9877929403537548,0.03834960890657646,0,4.426250349331156,3,"[{""id"":""0"",""x_m"":19.864056319419632,""y_m"":17.660049524510743},{""id"":""1"",""x_m"":19.768880484124292,""y_m"":26.05814543530207},{""id"":""2"",""x_m"":20.384216843351957,""y_m"":26.66059735296634}]"
55,5.6000000000000005,16.0850777695423,19.798759589313057,-0.0050079054199159145,0.962189013064112,-0.001066335833108667,0.962189603941655,0.9847611131172698,0.04787437507967107,0,4.374716238171117,3,"[{""id"":""0"",""x_m"":19.867926242789185,""y_m"":17.60144313668914},{""id"":""1"",""x_m"":19.77459734532552,""y_m"":26.000222949316985},{""id"":""2"",""x_m"":20.37010813872086,""y_m"":26.63767879862373}]"
56,5.7,16.18150600680568,19.79796330765984,-0.0115072475746274,0.9642823726338179,-0.007962816532192107,0.964315249604314,0.9821310080197344,0.05613709393225719,0,4.324856323867773,3,"[{""id"":""0"",""x_m"":19.871697807158,""y_m"":17.542554985712},{""id"":""1"",""x_m"":19.778103755234586,""y_m"":25.938862718929222},{""id"":""2"",""x_m"":20.354778304537902,""y_m"":26.613609356619616}]"
57,5.800000000000001,16.278094842003306,19.79659806158629,-0.016760101541876793,0.965888351976254,-0.01365246073547155,0.9659848333009879,0.9798911651224245,0.06317376792364149,0,4.276846389796476,3,"[{""id"":""0"",""x_m"":19.87536125645951,""y_m"":17.483355881151965},{""id"":""1"",""x_m"":19.780110774431503,""y_m"":25.875315508547104},{""id"":""2"",""x_m"":20.338239514578483,""y_m"":26.587935319150954}]"
58,5.9,16.37480598924602,19.794780318247607,-0.020826658234000206,0.967111472427149,-0.01817743338683897,0.9672822851602014,0.9780275386633285,0.06902852311657304,0,4.230861491078118,3,"[{""id"":""0"",""x_m"":19.87890682694345,""y_m"":17.42381716460394},{""id"":""1"",""x_m"":19.78113326640853,""y_m"":25.810337962006187},{""id"":""2"",""x_m"":20.320587684839857,""y_m"":26.560531247588653}]"
59,6.0,16.471610078781396,19.79262126226413,-0.02377265691757202,0.9680408953537523,-0.021590559834763212,0.96828163638028,0.976524056058703,0.07375185302206466,0,4.18707644727587,3,"[{""id"":""0"",""x_m"":19.882324811864645,""y_m"":17.363910866835894},{""id"":""1"",""x_m"":19.781542501176265,""y_m"":25.74533925027353},{""id"":""2"",""x_m"":20.30195792413372,""y_m"":26.531410593831243}]"
60,6.1000000000000005,16.568485252156847,19.790225973818043,-0.025668296962976456,0.968751733754516,-0.02395288446088273,0.9690478121983337,0.9753627330633166,0.07740025681281537,0,4.145666071936928,3,"[{""id"":""0"",""x_m"":19.885605621948883,""y_m"":17.303609873106133},{""id"":""1"",""x_m"":19.78223240417467,""y_m"":25.68034291165471},{""id"":""2"",""x_m"":20.28250889644175,""y_m"":26.500720293706717}]"
61,6.2,16.66541589473005,19.787692818143043,-0.026587195694446564,0.9693064257320216,-0.025331556749996764,0.9696373728011753,0.9745241033895738,0.08003488963492789,0,4.1068051243945645,3,"[{""id"":""0"",""x_m"":19.88873984023764,""y_m"":17.242888096347905},{""id"":""1"",""x_m"":19.78328396986545,""y_m"":25.61535141829136},{""id"":""2"",""x_m"":20.262417665107936,""y_m"":26.468645511335943}]"
62,6.300000000000001,16.76239150776123,19.78511301620416,-0.026605427265167236,0.9697561303118007,-0.02579801938882298,0.9700992166174057,0.9739875185375219,0.08172062066416208,0,4.070667974218231,3,"[{""id"":""0"",""x_m"":19.891718269760375,""y_m"":17.181720657576307},{""id"":""1"",""x_m"":19.784745137380423,""y_m"":25.550367843524402},{""id"":""2"",""x_m"":20.241848116210477,""y_m"":26.43531634870656}]"
63,6.4,16.85940571722147,19.782570369291328,-0.025800606235861778,0.9701420946024086,-0.0254264691283268,0.970475238762887,0.9737313576067386,0.08252537396244763,0,4.037427976632952,3,"[{""id"":""0"",""x_m"":19.894531972456434,""y_m"":17.120084072372254},{""id"":""1"",""x_m"":19.78663893444121,""y_m"":25.48539543759163},{""id"":""2"",""x_m"":20.22095125548685,""y_m"":26.40082098411096}]"
64,6.5,16.956455414218617,19.780141113275064,-0.024251045659184456,0.9704969699714638,-0.024292560162635368,0.9708009565317948,0.9737334752975403,0.08251872104058222,0,4.007256564572513,3,"[{""id"":""0"",""x_m"":19.89717229769606,""y_m"":17.057956441813516},{""id"":""1"",""x_m"":19.788969725878022,""y_m"":25.420437240177616},{""id"":""2"",""x_m"":20.19986574851912,""y_m"":26.365216821006378}]"
65,6.6000000000000005,17.053540019107395,19.777893881230067,-0.022034991532564163,0.970846048887779,-0.02247232044997105,0.9711060991608579,0.9739712903475698,0.08177160302649655,0,3.980322072569218,3,"[{""id"":""0"",""x_m"":19.899630898691107,""y_m"":16.99531764570082},{""id"":""1"",""x_m"":19.79172803835042,""y_m"":25.355495791839097},{""id"":""2"",""x_m"":20.178718517450193,""y_m"":26.328539549712424}]"
66,6.7,17.15066085856557,19.7758897562027,-0.01922990381717682,0.971208394581744,-0.020041250273656885,0.9714151519399828,0.9744219635561053,0.08035577138539152,0,3.9567837817801794,3,"[{""id"":""0"",""x_m"":19.901899737196388,""y_m"":16.932155850143822},{""id"":""1"",""x_m"":19.794894317745204,""y_m"":25.2905729555271},{""id"":""2"",""x_m"":20.157625290509007,""y_m"":26.290810255222162}]"
67,6.800000000000001,17.247820646988565,19.774182398342766,-0.01591183803975582,0.9715978842299577,-0.017073578599351436,0.9717478869163125,0.9750630398504637,0.07834177080864446,0,3.9367374316140147,3,"[{""id"":""0"",""x_m"":19.903971514033433,""y_m"":16.86853889354599},{""id"":""1"",""x_m"":19.79844187318934,""y_m"":25.225669836569914},{""id"":""2"",""x_m"":20.136691067353617,""y_m"":26.252040831430012}]"
68,6.9,17.34502306015395,19.77281823291903,-0.012154869735240936,0.9720241316538392,-0.013641654237375178,0.9721198523061506,0.9758720417788397,0.07580021629371858,0,3.920277280986003,3,"[{""id"":""0"",""x_m"":19.905839871945098,""y_m"":16.804520536214262},{""id"":""1"",""x_m"":19.802339189802343,""y_m"":25.16078678082176},{""id"":""2"",""x_m"":20.116010499562158,""y_m"":26.212238000700196}]"
69,7.0,17.442272389022218,19.771836688096972,-0.008030596189200878,0.972493288682692,-0.009815448220571454,0.9725428214513994,0.9768270457385653,0.07279998286969569,0,3.907493588188495,3,"[{""id"":""0"",""x_m"":19.907499188220136,""y_m"":16.74014360167635},{""id"":""1"",""x_m"":19.806551745276565,""y_m"":25.095923429255745},{""id"":""2"",""x_m"":20.095668200044287,""y_m"":26.17140622301299}]"
70,7.1000000000000005,17.539573265369018,19.77127047284879,-0.00360771338455379,0.9730087634680018,-0.005662152481811233,0.9730252379852524,0.9779069278413653,0.06940743318879594,0,3.898470266465003,3,"[{""id"":""0"",""x_m"":19.908944378432004,""y_m"":16.675442482295313},{""id"":""1"",""x_m"":19.811043434869404,""y_m"":25.031078809397183},{""id"":""2"",""x_m"":20.075738997927566,""y_m"":26.12954973986839}]"
71,7.2,17.63693044688875,19.771145886865774,0.0010483558289706707,0.9735718151973316,-0.0012458598301634538,0.9735726123476068,0.9790910353761256,0.0656874496565325,0,3.893275407274316,3,"[{""id"":""0"",""x_m"":19.9101705352149,""y_m"":16.610454048404783},{""id"":""1"",""x_m"":19.815777688038022,""y_m"":24.966251447527867},{""id"":""2"",""x_m"":20.056288153752213,""y_m"":26.086673953001185}]"
72,7.300000000000001,17.73434865239667,19.77148315580908,0.005875762552022934,0.9741820550791758,0.0033726894330499135,0.974187893310268,0.9803598085722753,0.06170148110443696,0,3.8917555964679114,3,"[{""id"":""0"",""x_m"":19.911169112089144,""y_m"":16.545461719286447},{""id"":""1"",""x_m"":19.820718343369116,""y_m"":24.901439489334187},{""id"":""2"",""x_m"":20.037371547545074,""y_m"":26.04278629631465}]"
73,7.4,17.831832438867085,19.77229678614418,0.010816479101777077,0.9748378647041633,0.008136303351022889,0.9748718181859565,0.9816944755621664,0.057508501094006625,0,3.8939675702266223,3,"[{""id"":""0"",""x_m"":19.9119370510627,""y_m"":16.480466255831427},{""id"":""1"",""x_m"":19.825830334240386,""y_m"":24.83664081998572},{""id"":""2"",""x_m"":20.01903585117454,""y_m"":25.997896725101928}]"
74,7.5,17.929386112649834,19.773595934528387,0.01581648178398609,0.9755367378274826,0.012991483842057505,0.9756232395261528,0.9830775876139187,0.05316332643312993,0,3.899954699232387,3,"[{""id"":""0"",""x_m"":19.91247119848591,""y_m"":16.41546845058748},{""id"":""1"",""x_m"":19.831080224889224,""y_m"":24.77185317727374},{""id"":""2"",""x_m"":20.001318696405033,""y_m"":25.952020736365444}]"
75,7.6000000000000005,18.027013667471877,19.7753847874153,0.020825892686843872,0.9762755482204355,0.017888528869143272,0.9764394223494942,0.9844925479050539,0.04871809757737822,0,3.909746383749511,3,"[{""id"":""0"",""x_m"":19.912768029399114,""y_m"":16.350469128349406},{""id"":""1"",""x_m"":19.83643657752762,""y_m"":24.707074249477635},{""id"":""2"",""x_m"":19.98424892105197,""y_m"":25.905234339265355}]"
76,7.7,18.124718742736544,19.777662947199165,0.025799056515097618,0.9770507526466687,0.02278159783863032,0.9773163123817707,0.9859240974393307,0.044220752077244185,1,5.158809518295402,3,"[{""id"":""0"",""x_m"":21.192340448055567,""y_m"":29.84451568327808},{""id"":""1"",""x_m"":19.84186920395802,""y_m"":24.64230167372163},{""id"":""2"",""x_m"":19.96784318890238,""y_m"":25.857595410551927}]"
77,7.800000000000001,18.22250459791283,19.78042582161051,0.030694585293531418,0.9778585517628713,0.02762874411345706,0.9782487898060835,0.9873580758107195,0.039715776160282434,1,5.06481590379933,3,"[{""id"":""0"",""x_m"":21.185768413012795,""y_m"":29.78484861856774},{""id"":""1"",""x_m"":19.84734969963886,""y_m"":24.577533130684966},{""id"":""2"",""x_m"":19.95211954798977,""y_m"":25.80916152357391}]"
78,7.9,18.320374098742025,19.783665013294197,0.03547535836696625,0.9786950082919432,0.03239191683686471,0.9792309000087431,0.9887817078544847,0.03524330419017474,1,4.971205840898565,3,"[{""id"":""0"",""x_m"":21.176686094406282,""y_m"":29.727173606118026},{""id"":""1"",""x_m"":19.852851670378982,""y_m"":24.512766408381186},{""id"":""2"",""x_m"":19.937088127776722,""y_m"":25.75998175841651}]"
79,8.0,18.418329711222945,19.787368706867827,0.04010847210884094,0.9795561248092,0.03703693573630318,0.9802560564770574,0.9901832215291155,0.03084031912604912,1,4.878026258359423,3,"[{""id"":""0"",""x_m"":21.165557748749073,""y_m"":29.671154330414748},{""id"":""1"",""x_m"":19.858350954133353,""y_m"":24.447999457872545},{""id"":""2"",""x_m"":19.92275183434799,""y_m"":25.710099679632176}]"
80,8.1,18.516373500988507,19.79152205107101,0.044565171003341675,0.9804378976556194,0.0415334420318203,0.9813172259602811,0.9915522810893337,0.02653929166934077,1,4.785333150366531,3,"[{""id"":""0"",""x_m"":21.15276020723908,""y_m"":29.616518693273356},{""id"":""1"",""x_m"":19.863825730953813,""y_m"":24.383230431179484},{""id"":""2"",""x_m"":19.91147540396338,""y_m"":25.659322316819388}]"
81,8.200000000000001,18.614507136680466,19.79610753371269,0.04882074519991875,0.9813363569195843,0.045854826416800165,0.9824071001972231,0.9928796555702206,0.022369221751624035,1,4.693197295986978,3,"[{""id"":""0"",""x_m"":21.138597766281944,""y_m"":29.563046859532463},{""id"":""1"",""x_m"":19.869272979225638,""y_m"":24.31845908345331},{""id"":""2"",""x_m"":19.90270907320239,""y_m"":25.607686718663953}]"
82,8.3,18.712731894509673,19.80110534734632,0.05285438150167465,0.9822475782920748,0.04997813633629278,0.9835182353023734,0.9941572469270901,0.0183555501305932,1,4.601720440046904,3,"[{""id"":""0"",""x_m"":21.123319415827595,""y_m"":29.510560062242767},{""id"":""1"",""x_m"":19.874683890017433,""y_m"":24.253711165121008},{""id"":""2"",""x_m"":19.895993013446837,""y_m"":25.55526076327419}]"
83,8.4,18.81104866411228,19.80649374391987,0.05664903298020363,0.9831676960260793,0.053883965735508355,0.9846431842411821,0.9953782024541558,0.014519805216403725,1,4.511002990610449,3,"[{""id"":""0"",""x_m"":21.107127240946067,""y_m"":29.45891312916935},{""id"":""1"",""x_m"":19.880049997562725,""y_m"":24.18900262929336},{""id"":""2"",""x_m"":19.890943492658064,""y_m"":25.50212441783094}]"
84,8.5,18.909457955339636,19.812249376603724,0.06019122153520584,0.9840929122735531,0.057556326838543725,0.9857746145778904,0.9965367727622424,0.010880049247851353,1,4.421134811951982,3,"[{""id"":""0"",""x_m"":21.090185337814674,""y_m"":29.407987992457027},{""id"":""1"",""x_m"":19.885364406808158,""y_m"":24.1243300371939},{""id"":""2"",""x_m"":19.88724100450352,""y_m"":25.448357758928143}]"
85,8.6,19.00795990513003,19.818347627186355,0.06347084045410156,0.9850194979039273,0.060982505826316924,0.9869054044171416,0.9976282531788742,0.007451062389423946,1,4.332204862410782,3,"[{""id"":""0"",""x_m"":21.072627030292985,""y_m"":29.357688450691672},{""id"":""1"",""x_m"":19.890620263655705,""y_m"":24.05968110398147},{""id"":""2"",""x_m"":19.88462105062871,""y_m"":25.394034309435707}]"
86,8.700000000000001,19.106554283993503,19.824762917757226,0.06648098677396774,0.9859437886347422,0.0641529057087098,0.9880287190453018,0.9986488482181264,0.004244768511818986,1,4.244306489729214,3,"[{""id"":""0"",""x_m"":21.054560716695683,""y_m"":29.30793593876529},{""id"":""1"",""x_m"":19.895809935893634,""y_m"":23.99504025801905},{""id"":""2"",""x_m"":19.88286597431733,""y_m"":25.339218573832145}]"
87,8.8,19.20524050294695,19.83146900560389,0.06921768188476562,0.9868621895344631,0.06706087846662712,0.9891380806305409,0.9995958215773486,0.0012697639633412194,1,4.157540315451036,3,"[{""id"":""0"",""x_m"":21.036074610261807,""y_m"":29.25866610938646},{""id"":""1"",""x_m"":19.90092476513342,""y_m"":23.93039141057166},{""id"":""2"",""x_m"":19.88179769115355,""y_m"":25.28396573344941}]"
88,8.9,19.304012959860465,19.83843893126545,0.07167971879243851,0.9877245691351533,0.06969925661561405,0.9901806960580445,0.9995326482336853,-0.0014682288756966422,1,4.0720168114173045,3,"[{""id"":""0"",""x_m"":21.01724058512855,""y_m"":29.209826068672765},{""id"":""1"",""x_m"":19.905955193399848,""y_m"":23.865719212043878},{""id"":""2"",""x_m"":19.88127127012128,""y_m"":25.22832235421928}]"
89,9.0,19.40285824989129,19.845645029157314,0.07386837899684906,0.9884529003082321,0.0720609789186355,0.991076142791495,0.9987376785517027,-0.003965699788439636,1,3.9878572711819182,3,"[{""id"":""0"",""x_m"":20.998117298536258,""y_m"":29.161372139219715},{""id"":""1"",""x_m"":19.910891083966355,""y_m"":23.80100951992427},{""id"":""2"",""x_m"":19.881169344369365,""y_m"":25.172327485516714}]"
90,9.1,19.501761351759566,19.85305957540511,0.07578723877668381,0.9890310186827733,0.07414546247794362,0.9918063850988017,0.9980194531771949,-0.006222071348615188,1,3.905192357914637,3,"[{""id"":""0"",""x_m"":20.97875272710673,""y_m"":29.113268048878606},{""id"":""1"",""x_m"":19.91572210448448,""y_m"":23.736249481592843},{""id"":""2"",""x_m"":19.88139731652494,""y_m"":25.11601383008484}]"
91,9.200000000000001,19.600709797102194,19.860655336195776,0.07744190841913223,0.9894844534262859,0.07595760790668038,0.9923956074929094,0.9973777649025447,-0.00823799451815077,1,3.82416138349491,3,"[{""id"":""0"",""x_m"":20.959186228600025,""y_m"":29.065483463407702},{""id"":""1"",""x_m"":19.920438091684584,""y_m"":23.67142745017178},{""id"":""2"",""x_m"":19.881879300138458,""y_m"":25.059408833147916}]"
92,9.3,19.699693380683712,19.868405781304208,0.07883983850479126,0.9898358358151782,0.07750445108431592,0.992865510430196,0.9968115088288131,-0.010016940439436794,1,3.744968913874738,3,"[{""id"":""0"",""x_m"":20.939450219244687,""y_m"":29.017992797155575},{""id"":""1"",""x_m"":19.92502534782931,""y_m"":23.60658952083206},{""id"":""2"",""x_m"":19.882554721237007,""y_m"":25.00253562960393}]"
93,9.4,19.798703890144388,19.87628526822905,0.07999007403850555,0.9901050946067613,0.07879486924842638,0.9932354855653016,0.9963190147342974,-0.011564156268703663,1,3.667788892459874,3,"[{""id"":""0"",""x_m"":20.91957153952575,""y_m"":28.970774248801277},{""id"":""1"",""x_m"":19.929476573908026,""y_m"":23.541742110811334},{""id"":""2"",""x_m"":19.883372685533907,""y_m"":24.945416817377097}]"
94,9.5,19.897734857451088,19.884269198586768,0.08090303093194962,0.9903096730669958,0.07983930357717384,0.9935228044517892,0.9958983341258224,-0.012885763377796344,1,3.5927968084569986,3,"[{""id"":""0"",""x_m"":20.89957256738321,""y_m"":28.923809019427143},{""id"":""1"",""x_m"":19.93378607362251,""y_m"":23.476885128055343},{""id"":""2"",""x_m"":19.884292362592486,""y_m"":24.888072256887035}]"
95,9.600000000000001,19.99678133040134,19.892334148500595,0.08159031718969345,0.9904647295025271,0.0806494991382678,0.9937427846780914,0.995546879303518,-0.01398989126561645,1,3.5201760872324273,3,"[{""id"":""0"",""x_m"":20.879472126637292,""y_m"":28.87708067840614},{""id"":""1"",""x_m"":19.93794899478526,""y_m"":23.412018572054638},{""id"":""2"",""x_m"":19.885281485267424,""y_m"":24.83051915428235}]"
96,9.700000000000001,20.09583966307128,19.900457974595287,0.08206449449062347,0.990583326699408,0.08123826094692532,0.9939089405858802,0.9952618082088781,-0.014885468522288114,1,3.4501178176725227,3,"[{""id"":""0"",""x_m"":20.859286229209552,""y_m"":28.830574649401893},{""id"":""1"",""x_m"":19.941961394789832,""y_m"":23.34714253143714},{""id"":""2"",""x_m"":19.88631475638509,""y_m"":24.772772481455277}]"
97,9.8,20.194907325134324,19.908619897363785,0.08233891427516937,0.990676620630424,0.08161922768497476,0.99403313073137,0.9950398758721759,-0.0155826895208655,1,3.3828202527866957,3,"[{""id"":""0"",""x_m"":20.839028682386544,""y_m"":28.78427779405035},{""id"":""1"",""x_m"":19.945820271183834,""y_m"":23.28225717813629},{""id"":""2"",""x_m"":19.887372537449433,""y_m"":24.71484530569089}]"
98,9.9,20.2939827283155,19.916800563502495,0.08242751657962799,0.9907540318117469,0.08180666138709825,0.9941256869221997,0.9948775094072211,-0.016092778814357,1,3.318488047674404,3,"[{""id"":""0"",""x_m"":20.818711586410146,""y_m"":28.7381780751848},{""id"":""1"",""x_m"":19.949523565016154,""y_m"":23.217362759155986},{""id"":""2"",""x_m"":19.88843977048359,""y_m"":24.6567490449884}]"
99,10.0,20.39306507097908,19.924982089167752,0.0823446586728096,0.9908234266358207,0.08181525665257539,0.9941955536972977,0.9947711999391875,-0.01642675985813824,1,3.2598010312059102,3,"[{""id"":""0"",""x_m"":20.79834574284092,""y_m"":28.692264284930864},{""id"":""1"",""x_m"":19.95280062319764,""y_m"":23.1549155217745},{""id"":""2"",""x_m"":19.88950509177935,""y_m"":24.59849366352168}]"
100,10.100000000000001,20.49215419911265,19.93314808601438,0.08210497349500656,0.9908912813357063,0.08165996846628332,0.9942504120577633,0.9947170746648493,-0.01659679942237302,1,3.2064453882538446,3,"[{""id"":""0"",""x_m"":20.777940990127895,""y_m"":28.64652582637234},{""id"":""1"",""x_m"":19.955735047561767,""y_m"":23.09440519699156},{""id"":""2"",""x_m"":19.890427600144225,""y_m"":24.54021512453248}]"
101,10.200000000000001,20.59125048132812,19.941283671421406,0.08172319084405899,0.9909628221546996,0.08135585407025303,0.9942967815920492,0.9947111401360992,-0.01661544329429665,1,3.1582122140559377,3,"[{""id"":""0"",""x_m"":20.757506479188653,""y_m"":28.60095253847923},{""id"":""1"",""x_m"":19.958365237335943,""y_m"":23.035433095245192},{""id"":""2"",""x_m"":19.89111527015671,""y_m"":24.48200580355368}]"
102,10.3,20.69035469783489,19.949375464362422,0.08121403306722641,0.9910421650677037,0.08091792941016251,0.9943401250287095,0.9947492917816866,-0.016495586364797088,1,3.1149774992406667,3,"[{""id"":""0"",""x_m"":20.73705090177893,""y_m"":28.555534555374518},{""id"":""1"",""x_m"":19.960692991593284,""y_m"":22.977688297479276},{""id"":""2"",""x_m"":19.891516651178705,""y_m"":24.423922356558805}]"
103,10.4,20.789467943859915,19.957411568728347,0.0805920660495758,0.9911324602502347,0.08036104365924501,0.9943849612195903,0.9948276820928758,-0.016249315939052433,1,3.076653478554279,3,"[{""id"":""0"",""x_m"":20.71658267867925,""y_m"":28.510262195050423},{""id"":""1"",""x_m"":19.962694487256027,""y_m"":22.920896388759555},{""id"":""2"",""x_m"":19.891610426596028,""y_m"":24.36599419124429}]"
104,10.5,20.888591545070657,19.96538154560145,0.07987160235643387,0.9912360121074215,0.07969976873102524,0.9944349575685698,0.9949421673262858,-0.01588964997082698,1,3.0431650111240316,3,"[{""id"":""0"",""x_m"":20.696110114815095,""y_m"":28.46512587216672},{""id"":""1"",""x_m"":19.96432818509778,""y_m"":22.86479364572471},{""id"":""2"",""x_m"":19.891398103706695,""y_m"":24.308228764364056}]"
105,10.600000000000001,20.98772698295407,19.973276375541953,0.07906658947467804,0.9913543788341173,0.07894829940504167,0.994493005713226,0.9950887107037014,-0.015429270372905979,1,3.0144920683889542,3,"[{""id"":""0"",""x_m"":20.675641527019387,""y_m"":28.420116030650924},{""id"":""1"",""x_m"":19.96554079416498,""y_m"":22.809170912690462},{""id"":""2"",""x_m"":19.89089898835359,""y_m"":24.250614994852516}]"
106,10.700000000000001,21.086875831781107,19.981088412402087,0.07819052785634995,0.9914884882703845,0.07812036860133986,0.9945613175481447,0.9952635374211886,-0.014880036041597045,1,2.990650639394929,3,"[{""id"":""0"",""x_m"":20.65518534897847,""y_m"":28.37522309267571},{""id"":""1"",""x_m"":19.96627630954178,""y_m"":22.753857417867614},{""id"":""2"",""x_m"":19.89014227352415,""y_m"":24.193129968112654}]"
107,10.8,21.186039704660875,19.988811329929156,0.07725640386343002,0.9916387287976747,0.07722917527068773,0.9946415002222956,0.9954627511582712,-0.014254187628683912,1,2.9716769570802946,3,"[{""id"":""0"",""x_m"":20.63475021699729,""y_m"":28.330437421105977},{""id"":""1"",""x_m"":19.966482384263422,""y_m"":22.698708722729663},{""id"":""2"",""x_m"":19.889161863147947,""y_m"":24.135743693108306}]"
108,10.9,21.28522020765989,19.996440062194527,0.07627660781145096,0.9918050299901537,0.0762873226537053,0.994734624465963,0.9956827341597283,-0.013563090647391807,1,2.957614796287658,3,"[{""id"":""0"",""x_m"":20.614345039505785,""y_m"":28.285749292989454},{""id"":""1"",""x_m"":19.966114607612457,""y_m"":22.643598104160134},{""id"":""2"",""x_m"":19.88799328146621,""y_m"":24.078422304443283}]"
109,11.0,21.38441890175161,20.00397073894126,0.0752628818154335,0.9919869409171866,0.07530676746732468,0.9948412939643266,0.9959199047396351,-0.012817997295909045,1,2.9485055037894137,3,"[{""id"":""0"",""x_m"":20.593979052631315,""y_m"":28.24114888205436},{""id"":""1"",""x_m"":19.965139235959732,""y_m"":22.588410704610062},{""id"":""2"",""x_m"":19.88667202580915,""y_m"":24.021130123377716}]"
110,11.100000000000001,21.483637271739884,20.011400616902442,0.07422629743814468,0.9921836998827516,0.07429877961182996,0.9949617092958066,0.9961709898185039,-0.012029190256708677,1,2.9443804165126575,3,"[{""id"":""0"",""x_m"":20.573661863682435,""y_m"":28.196626248496568},{""id"":""1"",""x_m"":19.963534797953514,""y_m"":22.53303986674208},{""id"":""2"",""x_m"":19.885232834878515,""y_m"":23.963830941412777}]"
111,11.200000000000001,21.582876701346628,20.018728008052477,0.07317718863487244,0.9923942960674381,0.07327391150035112,0.9950957265377776,0.9964327736123709,-0.011206772213067318,1,2.946252361802271,3,"[{""id"":""0"",""x_m"":20.55340348400558,""y_m"":28.152171334598197},{""id"":""1"",""x_m"":19.959315383924633,""y_m"":22.477274657598997},{""id"":""2"",""x_m"":19.88568695755282,""y_m"":23.906599312526367}]"
112,11.3,21.68213845271323,20.025952205434788,0.0721251592040062,0.992617513666012,0.07224197382310393,0.9952429006118826,0.9967021609450449,-0.010360466947768376,1,2.9539733614889556,3,"[{""id"":""0"",""x_m"":20.533214348016195,""y_m"":28.107773996003445},{""id"":""1"",""x_m"":19.952989943490433,""y_m"":22.42094783245354},{""id"":""2"",""x_m"":19.887562837911958,""y_m"":23.84946738607553}]"
113,11.4,21.781423651838043,20.033073407553132,0.07107903063297272,0.9928519912481448,0.07121202118344883,0.9954025459513544,0.9969765470686887,-0.00949845751748235,1,2.9674016769564764,3,"[{""id"":""0"",""x_m"":20.51310533372242,""y_m"":28.063423963864924},{""id"":""1"",""x_m"":19.944984030807383,""y_m"":22.36394496787405},{""id"":""2"",""x_m"":19.890484195617034,""y_m"":23.792418354211904}]"
114,11.5,21.880733277557574,20.04009264200948,0.07004687935113907,0.9930962571953117,0.07019234456347334,0.995573774911058,0.9972531240281596,-0.00862956537345605,1,2.9863878070933243,3,"[{""id"":""0"",""x_m"":20.493087769897347,""y_m"":28.01911085049598},{""id"":""1"",""x_m"":19.935656420924982,""y_m"":22.3061879966113},{""id"":""2"",""x_m"":19.8941526341191,""y_m"":23.735405733687568}]"
115,11.600000000000001,21.98006815417145,20.047011689007192,0.06903599202632904,0.993348766138773,0.06919046997712286,0.9957555384355529,0.99752969628347,-0.007760688007986349,1,3.0107663663684856,3,"[{""id"":""0"",""x_m"":20.47317343576085,""y_m"":27.974824158447127},{""id"":""1"",""x_m"":19.925312441025785,""y_m"":22.247623665742513},{""id"":""2"",""x_m"":19.89833291787839,""y_m"":23.67836775896604}]"
116,11.700000000000001,22.079428947711705,20.05383300543803,0.06805289536714554,0.9936079354025296,0.06821316430837499,0.9959466677889126,0.9978039676549917,-0.006899039082123526,1,3.0403528734762584,3,"[{""id"":""0"",""x_m"":20.453374553637854,""y_m"":27.930553291785554},{""id"":""1"",""x_m"":19.914214432060866,""y_m"":22.188216217626096},{""id"":""2"",""x_m"":19.902840569492064,""y_m"":23.621237358467503}]"
117,11.8,22.178816164840537,20.06055965012403,0.06710335612297058,0.9938721712883236,0.06726644686001038,0.9961459068502653,0.9980741491501252,-0.006050238881876613,1,3.0749442207481237,3,"[{""id"":""0"",""x_m"":20.433703775021115,""y_m"":27.886287568222873},{""id"":""1"",""x_m"":19.902589625387986,""y_m"":22.127943190206555},{""id"":""2"",""x_m"":19.907531633926837,""y_m"":23.56394862178792}]"
118,11.9,22.27823015381422,20.067195210642005,0.06619242578744888,0.9941398897368359,0.06635560517974426,0.9963519391784904,0.9983383111147742,-0.005220349594377005,1,3.1143215748772275,3,"[{""id"":""0"",""x_m"":20.414174160420387,""y_m"":27.842016230876553},{""id"":""1"",""x_m"":19.890635814944414,""y_m"":22.066793206425814},{""id"":""2"",""x_m"":19.91229440511125,""y_m"":23.506440742984616}]"
119,12.0,22.377671107244034,20.073743732105967,0.06532441079616547,0.9944095342981285,0.06548521463962231,0.9965634125530689,0.9985950347336767,-0.004413828559230115,1,3.158254637910456,3,"[{""id"":""0"",""x_m"":20.394799153319394,""y_m"":27.797728458725636},{""id"":""1"",""x_m"":19.8785252936021,""y_m"":22.00476485059196},{""id"":""2"",""x_m"":19.91704283934647,""y_m"":23.448660257494893}]"
120,12.100000000000001,22.47713906752017,20.0802096484993,0.06450295448303223,0.9946796027613658,0.06465916393331383,0.9967789723053269,0.998842985417818,-0.0036348685114790946,1,3.206506444008983,3,"[{""id"":""0"",""x_m"":20.37559254849838,""y_m"":27.7534133751072},{""id"":""1"",""x_m"":19.86640753696015,""y_m"":21.94186602141318},{""id"":""2"",""x_m"":19.921711356692963,""y_m"":23.39056215998723}]"
121,12.200000000000001,22.57663393257846,20.086597716749726,0.06373103708028793,0.9949486505828986,0.06388068250426926,0.9969972712570191,0.9990809382266574,-0.0028873177153281304,1,3.2588381020046526,3,"[{""id"":""0"",""x_m"":20.35656845492519,""y_m"":27.709060053833415},{""id"":""1"",""x_m"":19.85441107022437,""y_m"":21.87811340542063},{""id"":""2"",""x_m"":19.926250749538063,""y_m"":23.33211029086107}]"
122,12.3,22.676155463126456,20.092912953811307,0.06301100552082062,0.9952153054799595,0.06315237061581769,0.9972169905170923,0.9993079894889283,-0.0021740151377898087,1,3.315243549957379,3,"[{""id"":""0"",""x_m"":20.337741253378,""y_m"":27.66465752267441},{""id"":""1"",""x_m"":19.842760411672945,""y_m"":21.814166066497748},{""id"":""2"",""x_m"":19.930624956802497,""y_m"":23.273277236440478}]"
123,12.4,22.775703290949107,20.099160577056452,0.062344614416360855,0.995478278226507,0.06247623245144496,0.997436856167917,0.9995233045611549,-0.0014975828886756304,1,3.3754788287969224,3,"[{""id"":""0"",""x_m"":20.319125548939336,""y_m"":27.620194764060038},{""id"":""1"",""x_m"":19.8315367946197,""y_m"":21.750142395716995},{""id"":""2"",""x_m"":19.93483413827771,""y_m"":23.214079063826883}]"
124,12.5,22.875276927468015,20.10534594808394,0.061733078211545944,0.9957363651890816,0.061853710274881735,0.9976556472223936,0.9997262288647931,-0.0008600773871307865,1,3.4370151287565878,3,"[{""id"":""0"",""x_m"":20.300736118378808,""y_m"":27.57566071343363},{""id"":""1"",""x_m"":19.823131524564918,""y_m"":21.685688137243982},{""id"":""2"",""x_m"":19.938884020477758,""y_m"":23.154534823604745}]"
125,12.600000000000001,22.97487577370198,20.111474520238,0.061177078634500504,0.9959884623396675,0.061285721540613736,0.9978722146540052,0.999916414212119,-0.0002625924971515481,1,3.5001753875436004,3,"[{""id"":""0"",""x_m"":20.282587852879534,""y_m"":27.531044253752942},{""id"":""1"",""x_m"":19.816932210662653,""y_m"":21.620984439458297},{""id"":""2"",""x_m"":19.94277841378853,""y_m"":23.09460894965639}]"
126,12.700000000000001,23.074498197012396,20.117551733099695,0.06067683920264244,0.9962242331041438,0.06077212861693937,0.9980761364948935,0.9999064519136145,0.0002938899809459272,1,3.5651889774434267,3,"[{""id"":""0"",""x_m"":20.264695696100684,""y_m"":27.486334206935492},{""id"":""1"",""x_m"":19.81243806979272,""y_m"":21.556139989442578},{""id"":""2"",""x_m"":19.9465300763936,""y_m"":23.03430291440679}]"
127,12.8,23.17414093235675,20.123582932719366,0.06023213267326355,0.9964273534435364,0.060311996196702466,0.9982509742423101,0.9997425760244981,0.0008087212702947433,1,3.632210648405337,3,"[{""id"":""0"",""x_m"":20.2470745774147,""y_m"":27.441519323512352},{""id"":""1"",""x_m"":19.80924461991983,""y_m"":21.49121848393085},{""id"":""2"",""x_m"":19.95015422777616,""y_m"":22.97363555329977}]"
128,12.9,23.273800313302967,20.129573406384466,0.05984235182404518,0.9965938094621762,0.059904736651006374,0.9983926074103108,0.9995920358199533,0.0012816572709626328,1,3.7013362162596795,3,"[{""id"":""0"",""x_m"":20.229739340851932,""y_m"":27.396588269180054},{""id"":""1"",""x_m"":19.807028995160653,""y_m"":21.4262562563911},{""id"":""2"",""x_m"":19.953664892549437,""y_m"":22.912597183244216}]"
129,13.0,23.37347314902231,20.135528396968652,0.05950652062892914,0.996728357193426,0.05954990584186248,0.9985056881757262,0.9994547943087786,0.0017128141942364117,1,3.7726166268619323,3,"[{""id"":""0"",""x_m"":20.212704669925948,""y_m"":27.351529608552127},{""id"":""1"",""x_m"":19.805534625041748,""y_m"":21.361273436677365},{""id"":""2"",""x_m"":19.957074744857273,""y_m"":22.85114213939662}]"
130,13.100000000000001,23.473156677253506,20.141453064777675,0.05922335013747215,0.9968352823119631,0.05924667809022566,0.9985943865888182,0.9993305503049843,0.002103138243809255,1,3.8460692229184144,3,"[{""id"":""0"",""x_m"":20.195985008482836,""y_m"":27.306331786656745},{""id"":""1"",""x_m"":19.804557298042095,""y_m"":21.29628078453933},{""id"":""2"",""x_m"":19.960396458606,""y_m"":22.789241963210575}]"
131,13.200000000000001,23.572848520855302,20.147352453980734,0.05899128317832947,0.9969184360179639,0.05899389203058547,0.9986624291368028,0.9992190738323474,0.0024533519112934776,1,3.921684604994994,3,"[{""id"":""0"",""x_m"":20.17959447780784,""y_m"":27.26098310856473},{""id"":""1"",""x_m"":19.803935803110797,""y_m"":21.231283755806853},{""id"":""2"",""x_m"":19.96364170090543,""y_m"":22.726880340022223}]"
132,13.3,23.672546648613995,20.153231463367003,0.05880850926041603,0.9969812775869258,0.05879009386269729,0.9987131434977932,0.9991200716607231,0.002764376406357627,1,3.999432434896343,3,"[{""id"":""0"",""x_m"":20.16354679036972,""y_m"":27.215471717234653},{""id"":""1"",""x_m"":19.803543875285452,""y_m"":21.166284937413135},{""id"":""2"",""x_m"":19.96682076836203,""y_m"":22.6640498742957}]"
133,13.4,23.77224933842466,20.159094821116884,0.05867302417755127,0.997026898106661,0.05863357749881004,0.9987494840842218,0.9990330270633847,0.003037835073890882,1,4.079266325727511,3,"[{""id"":""0"",""x_m"":20.147855160521672,""y_m"":27.16978557011635},{""id"":""1"",""x_m"":19.80328340791327,""y_m"":21.101285459286398},{""id"":""2"",""x_m"":19.969942571761596,""y_m"":22.600749996504064}]"
134,13.5,23.871955144408233,20.16494706345035,0.058582648634910583,0.9970580598357159,0.05852242333464375,0.9987740729095451,0.9989577176116237,0.003274426694289012,1,4.1611279254615035,3,"[{""id"":""0"",""x_m"":20.13253221252731,""y_m"":27.123912415121254},{""id"":""1"",""x_m"":19.80307883134992,""y_m"":21.03628578122235},{""id"":""2"",""x_m"":19.973014783665743,""y_m"":22.5369855748194}]"
135,13.600000000000001,23.971662864717374,20.170792516921647,0.05853506922721863,0.9970772030914077,0.05845453471298612,0.998789207767633,0.9988931253696295,0.0034773492072170953,1,4.244950281627089,3,"[{""id"":""0"",""x_m"":20.11758988633256,""y_m"":27.077839766645585},{""id"":""1"",""x_m"":19.80287252420817,""y_m"":20.97128610862807},{""id"":""2"",""x_m"":19.976044039054873,""y_m"":22.472765968562882}]"
136,13.700000000000001,24.071371511286962,20.176635284636955,0.0585278756916523,0.9970864656958867,0.05842767715307673,0.9987968830204762,0.9988387952225078,0.003648032398282819,1,4.330660574137101,3,"[{""id"":""0"",""x_m"":20.103039341560535,""y_m"":27.031554882413154},{""id"":""1"",""x_m"":19.80262111170935,""y_m"":20.906286594847156},{""id"":""2"",""x_m"":19.979036129254112,""y_m"":22.408104358174903}]"
137,13.8,24.171080286288465,20.182479235870236,0.05855857580900192,0.9970877500150266,0.05843951233281075,0.998798857544263,0.9987944612937796,0.0037873115430802073,1,4.418182304330696,3,"[{""id"":""0"",""x_m"":20.08889086026646,""y_m"":26.98504474198351},{""id"":""1"",""x_m"":19.80229250892709,""y_m"":20.84128742546622},{""id"":""2"",""x_m"":19.98198914702993,""y_m"":22.343171472161607}]"
138,13.9,24.270788557649894,20.188327998233092,0.058624640107154846,0.9970827136142901,0.05848762362855808,0.9987966459225583,0.9987590213610101,0.0038986493755124307,1,4.507427965536535,3,"[{""id"":""0"",""x_m"":20.075153749036236,""y_m"":26.938296027893113},{""id"":""1"",""x_m"":19.801872695587083,""y_m"":20.776288781197593},{""id"":""2"",""x_m"":19.984886922626288,""y_m"":22.278236097391048}]"
139,14.0,24.37049583474528,20.194184953041088,0.058723509311676025,0.9970727709538707,0.05856954807995862,0.9987915210592851,0.9987317732183525,0.003984251940309491,1,4.598296418580088,3,"[{""id"":""0"",""x_m"":20.061836241131047,""y_m"":26.891295110303346},{""id"":""1"",""x_m"":19.80136773898023,""y_m"":20.71129074262084},{""id"":""2"",""x_m"":19.98771134810936,""y_m"":22.21329749084078}]"
140,14.100000000000001,24.47020174969648,20.200053233693563,0.05885263904929161,0.9970591495119763,0.05868280652475022,0.9987845710698412,0.9987122691114272,0.00404552589934104,1,4.690692594946813,3,"[{""id"":""0"",""x_m"":20.04894539942525,""y_m"":26.84402803616229},{""id"":""1"",""x_m"":19.800783503003068,""y_m"":20.646293368302157},{""id"":""2"",""x_m"":19.990450123337023,""y_m"":22.148355215624612}]"
141,14.200000000000001,24.569906039679125,20.205935726130715,0.05900951102375984,0.997042899826468,0.05882492437152109,0.998776709691254,0.9986996454565316,0.004085184280822496,1,4.7845270924004755,3,"[{""id"":""0"",""x_m"":20.036487020861934,""y_m"":26.796480524156497},{""id"":""1"",""x_m"":19.80012578895229,""y_m"":20.58129669598559},{""id"":""2"",""x_m"":19.99309557904249,""y_m"":22.083409072058497}]"
142,14.3,24.669608528489196,20.211835071561246,0.05919165536761284,0.9970248881007038,0.058993454305316106,0.9987686694841275,0.9986929697832511,0.004106156526958227,1,4.879715801601765,3,"[{""id"":""0"",""x_m"":20.02446554332813,""y_m"":26.748637966410463},{""id"":""1"",""x_m"":19.799400426256078,""y_m"":20.516300743427305},{""id"":""2"",""x_m"":19.995643687842332,""y_m"":22.018459036326835}]"
143,14.4,24.769309111133897,20.217753671620997,0.059396665543317795,0.9970058264470083,0.05918600059750645,0.9987610327981414,0.9986916354652984,0.004110348410435893,1,4.976179560903407,3,"[{""id"":""0"",""x_m"":20.01288395585886,""y_m"":26.70048543802268},{""id"":""1"",""x_m"":19.798613328697108,""y_m"":20.451305509160225},{""id"":""2"",""x_m"":19.998093238817873,""y_m"":21.953505208879807}]"
144,14.5,24.869007740208456,20.223693695403377,0.059622228145599365,0.9969862907455962,0.059400237823794555,0.9987542501477457,0.998694777122956,0.0041004786018188355,1,5.073843833594649,3,"[{""id"":""0"",""x_m"":20.001743713117705,""y_m"":26.65200771550083},{""id"":""1"",""x_m"":19.797770527395233,""y_m"":20.386310973344006},{""id"":""2"",""x_m"":20.000445154006055,""y_m"":21.888547772854764}]"
145,14.600000000000001,24.96809089384958,20.22952145245069,0.057876065373420715,0.9908315364112497,0.05827757047313753,0.9925439077276779,0.8746068747714336,-0.39393412102872905,1,5.172027386170522,3,"[{""id"":""0"",""x_m"":19.991044655121826,""y_m"":26.60318930510707},{""id"":""1"",""x_m"":19.796878188631023,""y_m"":20.321317098774706},{""id"":""2"",""x_m"":20.00270192739119,""y_m"":21.823586961792337}]"
146,14.700000000000001,25.066003792399545,20.234921892734366,0.05232338607311249,0.9791289854996421,0.054004402836760335,0.9806171759516114,0.8719463051622265,-0.4022925469673786,1,5.270104627084331,3,"[{""id"":""0"",""x_m"":19.980784933175652,""y_m"":26.554014482045957},{""id"":""1"",""x_m"":19.795942622222498,""y_m"":20.256323832081186},{""id"":""2"",""x_m"":20.004867168978144,""y_m"":21.758623035426467}]"
147,14.8,25.162860344295794,20.239555275061868,0.043278876692056656,0.9685655189624853,0.04633382327501323,0.9696731344645724,0.8704072170004375,-0.4071277350296816,2,5.357039318545575,3,"[{""id"":""0"",""x_m"":19.97096094294313,""y_m"":26.50446734132047},{""id"":""1"",""x_m"":19.79497028440928,""y_m"":20.1913311051098},{""id"":""2"",""x_m"":20.006945238347875,""y_m"":21.693656262167405}]"
148,14.9,25.258766229214913,20.243121673030686,0.031059741973876953,0.9590588491911944,0.0356639796881808,0.9597217282416488,0.8699109274700113,-0.4086868745725223,2,5.429590816976843,3,"[{""id"":""0"",""x_m"":19.961567265517083,""y_m"":26.45453186094566},{""id"":""1"",""x_m"":19.793967777896693,""y_m"":20.126338836487353},{""id"":""2"",""x_m"":20.008940953798007,""y_m"":21.628686906930938}]"
149,15.0,25.35381631882261,20.245357791643272,0.01598295383155346,0.9505008960769601,0.02236118612586324,0.95076389082046,0.8703757805900033,-0.40722649542575695,2,5.503204096695764,3,"[{""id"":""0"",""x_m"":19.952596617228036,""y_m"":26.404191978044494},{""id"":""1"",""x_m"":19.792941850751856,""y_m"":20.061346933349398},{""id"":""2"",""x_m"":20.010859364775385,""y_m"":21.56371522310389}]"
150,15.100000000000001,25.448093117048774,20.246034033370325,-0.0016373220132663846,0.9427679822616497,0.006762417270529397,0.9427922351531344,0.8717188877041022,-0.40300699998311984,2,5.577877156966147,3,"[{""id"":""0"",""x_m"":19.94403980876632,""y_m"":26.35343167815794},{""id"":""1"",""x_m"":19.791899395137804,""y_m"":19.996355293223203},{""id"":""2"",""x_m"":20.01270557681785,""y_m"":21.498741447616435}]"
151,15.200000000000001,25.54166603811068,20.244951843155036,-0.021492060273885727,0.9357292106190584,-0.010821902152891028,0.9357917872967111,0.8738566254738804,-0.39629109871028323,2,5.6535840891119,3,"[{""id"":""0"",""x_m"":19.93588571396171,""y_m"":26.30223509788367},{""id"":""1"",""x_m"":19.790847446354647,""y_m"":19.93136380605944},{""id"":""2"",""x_m"":20.014484619633556,""y_m"":21.43376579828024}]"
152,15.3,25.634591359784483,20.241941332573248,-0.04327947646379471,0.929253216738033,-0.030105105817881395,0.9297407478508659,0.8767061602026971,-0.3873390213400838,2,5.730278420505025,3,"[{""id"":""0"",""x_m"":19.928121248265178,""y_m"":26.250586640719114},{""id"":""1"",""x_m"":19.789793182279105,""y_m"":19.86637235641213},{""id"":""2"",""x_m"":20.016201350250455,""y_m"":21.368788472727484}]"
153,15.4,25.72691270610361,20.23685916341046,-0.06670689582824707,0.9232134631912814,-0.05082169162786698,0.9246112388228673,0.8801851549387065,-0.37640943703555907,2,5.807896499587954,3,"[{""id"":""0"",""x_m"":19.920731356596814,""y_m"":26.19847110573047},{""id"":""1"",""x_m"":19.788743923018234,""y_m"":19.801380825771563},{""id"":""2"",""x_m"":20.017860384358613,""y_m"":21.30380964843966}]"
154,15.5,25.818661936770727,20.229586658926213,-0.09149237722158432,0.9174923066711571,-0.07272504484248543,0.9203700695633806,0.8842139375171668,-0.36375264328415735,2,5.886360846193734,3,"[{""id"":""0"",""x_m"":19.91369900974985,""y_m"":26.14587382840829},{""id"":""1"",""x_m"":19.787707130391418,""y_m"":19.736389095058733},{""id"":""2"",""x_m"":20.01946605003935,""y_m"":21.238829483483563}]"
155,15.600000000000001,25.90986033502105,20.220028105342262,-0.11736614257097244,0.9119839825032372,-0.09558553583950413,0.9169794866866925,0.8887145440761354,-0.3496135707818038,2,5.965583401767296,3,"[{""id"":""0"",""x_m"":19.90700520795665,""y_m"":26.092780832812224},{""id"":""1"",""x_m"":19.786690406706015,""y_m"":19.671397047291737},{""id"":""2"",""x_m"":20.02102235902656,""y_m"":21.173848117675078}]"
156,15.700000000000001,26.00052000252226,20.20810920469192,-0.14407172799110413,0.9065966750121035,-0.11918900650343289,0.9143979168908233,0.8936130333796952,-0.33422451277205223,2,6.0454686270918,3,"[{""id"":""0"",""x_m"":19.900628989505975,""y_m"":26.039178993867264},{""id"":""1"",""x_m"":19.78570149218128,""y_m"":19.606404570434314},{""id"":""2"",""x_m"":20.02253299147909,""y_m"":21.108865673972232}]"
157,15.8,26.090645381561572,20.193775642249644,-0.17136691510677338,0.9012537903931062,-0.14333562442274683,0.9125806791328642,0.8988380452432213,-0.31780965388667903,2,6.125916403564449,3,"[{""id"":""0"",""x_m"":19.894547441419945,""y_m"":25.985056208469505},{""id"":""1"",""x_m"":19.784748260291398,""y_m"":19.541411560433513},{""id"":""2"",""x_m"":20.024001290963852,""y_m"":21.04388225996048}]"
158,15.9,26.180234835619597,20.176991735922083,-0.19902454316616058,0.895894540580251,-0.1678390632756077,0.9114806520177663,0.9043227707205785,-0.30057888062005667,2,6.206824702336092,3,"[{""id"":""0"",""x_m"":19.888735731582695,""y_m"":25.930421742383984},{""id"":""1"",""x_m"":19.783839761099042,""y_m"":19.47649301593828},{""id"":""2"",""x_m"":20.025430266964573,""y_m"":20.978897969338906}]"
159,16.0,26.26928223355215,20.157739140160796,-0.22683294117450714,0.8904739793255345,-0.1925259576128724,0.9110489296468143,0.9100040858956662,-0.28273050260327315,2,6.288087274491571,3,"[{""id"":""0"",""x_m"":19.883167598719275,""y_m"":25.87533582971338},{""id"":""1"",""x_m"":19.782980243846154,""y_m"":19.411718022512208},{""id"":""2"",""x_m"":20.026827372930164,""y_m"":20.913912985727915}]"
160,16.1,26.357778490392825,20.13601558356494,-0.25459638237953186,0.8849625684067419,-0.21723556595855342,0.9112354463026504,0.9158241065146322,-0.26444636858298853,2,6.3695970923520235,3,"[{""id"":""0"",""x_m"":19.877815602265763,""y_m"":25.819846946976458},{""id"":""1"",""x_m"":19.782170206834746,""y_m"":19.347135702296356},{""id"":""2"",""x_m"":20.028203176805,""y_m"":20.848927547638308}]"
161,16.2,26.44571302496921,20.11183362592061,-0.2821351885795593,0.8793453457638378,-0.2418195764433051,0.91198955293783,0.9217289187945131,-0.24589585370368772,2,6.451250080123093,3,"[{""id"":""0"",""x_m"":19.872651128538152,""y_m"":25.763994459738957},{""id"":""1"",""x_m"":19.781408302443555,""y_m"":19.282779729513972},{""id"":""2"",""x_m"":20.02956947513332,""y_m"":20.7839419090027}]"
162,16.3,26.533075099742756,20.085219426805093,-0.3092857897281647,0.8736207477354796,-0.26614199115517323,0.9132605161343278,0.9276694510111907,-0.22723312133335982,2,6.5329478676257144,3,"[{""id"":""0"",""x_m"":19.867644340756577,""y_m"":25.707810752577913},{""id"":""1"",""x_m"":19.780692561943052,""y_m"":19.218671777499058},{""id"":""2"",""x_m"":20.030938113195607,""y_m"":20.718956319601244}]"
163,16.400000000000002,26.61985502387403,20.05621152145421,-0.3359004557132721,0.8677992413127456,-0.29007905350884045,0.9149980221331419,0.9336017012337885,-0.20859640761479037,2,6.614599801031735,3,"[{""id"":""0"",""x_m"":19.86447757440241,""y_m"":25.651207778743203},{""id"":""1"",""x_m"":19.78002116222212,""y_m"":19.154824157478423},{""id"":""2"",""x_m"":20.032320271474656,""y_m"":20.653971016351264}]"
164,16.5,26.706045203316314,20.024859605468002,-0.3618471622467041,0.8619017944228347,-0.3135191598620679,0.9171526409654607,0.9394867196786645,-0.19010807690212728,2,6.696124373020262,3,"[{""id"":""0"",""x_m"":19.862806632426512,""y_m"":25.59422656504157},{""id"":""1"",""x_m"":19.779392883737465,""y_m"":19.091241842980576},{""id"":""2"",""x_m"":20.033726057636454,""y_m"":20.58898621993497}]"
165,16.6,26.79164102411706,19.991223334520654,-0.3870091438293457,0.8559582080074435,-0.3363627094734767,0.9196762072488623,0.9452898879202495,-0.1718768861868183,2,6.777450186926166,3,"[{""id"":""0"",""x_m"":19.862344079627988,""y_m"":25.536900735838543},{""id"":""1"",""x_m"":19.778807361142917,""y_m"":19.0279240253424},{""id"":""2"",""x_m"":20.035164295267766,""y_m"":20.52400213363289}]"
166,16.7,26.876641567886473,19.955371145579416,-0.41128426790237427,0.8500054376941435,-0.35852188941237983,0.9225221890542444,0.950982162684795,-0.15399407760430783,2,6.858516547047978,3,"[{""id"":""0"",""x_m"":19.86285014019765,""y_m"":25.479258218353575},{""id"":""1"",""x_m"":19.778265195875058,""y_m"":18.96486531021571},{""id"":""2"",""x_m"":20.03664243612089,""y_m"":20.45901894273233}]"
