scenario,arm,all_rows,effective_below_600,timeout,success,collision,flagged,flagged_timeout
classic_bottleneck_high,goal,30,30,0,0,30,0,0
classic_bottleneck_high,guarded_ppo,30,30,10,8,12,10,10
classic_bottleneck_high,hybrid_rule_v3_fast_progress_static_escape,30,30,0,30,0,0,0
classic_bottleneck_high,hybrid_rule_v3_fast_progress_static_escape_continuous,30,30,0,30,0,0,0
classic_bottleneck_high,orca,30,30,0,13,17,0,0
classic_bottleneck_high,ppo,30,30,0,0,30,0,0
classic_bottleneck_high,prediction_planner,30,30,0,18,12,0,0
classic_bottleneck_high,predictive_mppi,30,30,0,3,27,0,0
classic_bottleneck_high,risk_dwa,30,30,0,1,29,0,0
classic_bottleneck_high,sacadrl,30,30,0,0,30,0,0
classic_bottleneck_high,scenario_adaptive_hybrid_orca_v2_bottleneck_yield,30,30,0,30,0,0,0
classic_bottleneck_high,scenario_adaptive_hybrid_orca_v2_collision_guard,30,30,0,30,0,0,0
classic_bottleneck_high,social_force,30,30,0,0,30,0,0
classic_bottleneck_high,socnav_sampling,30,30,0,0,30,0,0
classic_bottleneck_low,goal,30,30,0,29,1,0,0
classic_bottleneck_low,guarded_ppo,30,30,0,15,15,0,0
classic_bottleneck_low,hybrid_rule_v3_fast_progress_static_escape,30,30,0,30,0,0,0
classic_bottleneck_low,hybrid_rule_v3_fast_progress_static_escape_continuous,30,30,0,30,0,0,0
classic_bottleneck_low,orca,30,30,0,30,0,0,0
classic_bottleneck_low,ppo,30,30,0,13,17,0,0
classic_bottleneck_low,prediction_planner,30,30,0,19,11,0,0
classic_bottleneck_low,predictive_mppi,30,30,0,22,8,0,0
classic_bottleneck_low,risk_dwa,30,30,0,17,13,0,0
classic_bottleneck_low,sacadrl,30,30,0,28,2,0,0
classic_bottleneck_low,scenario_adaptive_hybrid_orca_v2_bottleneck_yield,30,30,0,30,0,0,0
classic_bottleneck_low,scenario_adaptive_hybrid_orca_v2_collision_guard,30,30,0,30,0,0,0
classic_bottleneck_low,social_force,30,30,30,0,0,30,30
classic_bottleneck_low,socnav_sampling,30,30,0,29,1,0,0
classic_bottleneck_medium,goal,30,30,0,0,30,0,0
classic_bottleneck_medium,guarded_ppo,30,30,8,8,14,8,8
classic_bottleneck_medium,hybrid_rule_v3_fast_progress_static_escape,30,30,0,30,0,0,0
classic_bottleneck_medium,hybrid_rule_v3_fast_progress_static_escape_continuous,30,30,0,30,0,0,0
classic_bottleneck_medium,orca,30,30,0,14,16,0,0
classic_bottleneck_medium,ppo,30,30,0,4,26,0,0
classic_bottleneck_medium,prediction_planner,30,30,0,18,12,0,0
classic_bottleneck_medium,predictive_mppi,30,30,0,3,27,0,0
classic_bottleneck_medium,risk_dwa,30,30,0,6,24,0,0
classic_bottleneck_medium,sacadrl,30,30,0,0,30,0,0
classic_bottleneck_medium,scenario_adaptive_hybrid_orca_v2_bottleneck_yield,30,30,0,30,0,0,0
classic_bottleneck_medium,scenario_adaptive_hybrid_orca_v2_collision_guard,30,30,0,30,0,0,0
classic_bottleneck_medium,social_force,30,30,0,0,30,0,0
classic_bottleneck_medium,socnav_sampling,30,30,0,0,30,0,0
classic_cross_trap_high,goal,30,0,0,0,30,0,0
classic_cross_trap_high,guarded_ppo,30,0,6,0,24,0,0
classic_cross_trap_high,hybrid_rule_v3_fast_progress_static_escape,30,0,4,22,4,0,0
classic_cross_trap_high,hybrid_rule_v3_fast_progress_static_escape_continuous,30,0,4,23,3,0,0
classic_cross_trap_high,orca,30,0,0,22,8,0,0
classic_cross_trap_high,ppo,30,0,2,12,16,0,0
classic_cross_trap_high,prediction_planner,30,0,0,0,30,0,0
classic_cross_trap_high,predictive_mppi,30,0,5,0,25,0,0
classic_cross_trap_high,risk_dwa,30,0,0,0,30,0,0
classic_cross_trap_high,sacadrl,30,0,0,3,27,0,0
classic_cross_trap_high,scenario_adaptive_hybrid_orca_v2_bottleneck_yield,30,0,5,21,4,0,0
classic_cross_trap_high,scenario_adaptive_hybrid_orca_v2_collision_guard,30,0,5,21,4,0,0
classic_cross_trap_high,social_force,30,0,23,0,7,0,0
classic_cross_trap_high,socnav_sampling,30,0,0,0,30,0,0
classic_cross_trap_low,goal,30,0,0,0,30,0,0
classic_cross_trap_low,guarded_ppo,30,0,3,3,24,0,0
classic_cross_trap_low,hybrid_rule_v3_fast_progress_static_escape,30,0,3,25,2,0,0
classic_cross_trap_low,hybrid_rule_v3_fast_progress_static_escape_continuous,30,0,0,30,0,0,0
classic_cross_trap_low,orca,30,0,0,29,1,0,0
classic_cross_trap_low,ppo,30,0,1,15,14,0,0
classic_cross_trap_low,prediction_planner,30,0,0,0,30,0,0
classic_cross_trap_low,predictive_mppi,30,0,9,0,21,0,0
classic_cross_trap_low,risk_dwa,30,0,0,0,30,0,0
classic_cross_trap_low,sacadrl,30,0,0,15,15,0,0
classic_cross_trap_low,scenario_adaptive_hybrid_orca_v2_bottleneck_yield,30,0,2,26,2,0,0
classic_cross_trap_low,scenario_adaptive_hybrid_orca_v2_collision_guard,30,0,2,26,2,0,0
classic_cross_trap_low,social_force,30,0,29,0,1,0,0
classic_cross_trap_low,socnav_sampling,30,0,0,7,23,0,0
classic_cross_trap_medium,goal,30,0,0,0,30,0,0
classic_cross_trap_medium,guarded_ppo,30,0,4,0,26,0,0
classic_cross_trap_medium,hybrid_rule_v3_fast_progress_static_escape,30,0,6,22,2,0,0
classic_cross_trap_medium,hybrid_rule_v3_fast_progress_static_escape_continuous,30,0,4,24,2,0,0
classic_cross_trap_medium,orca,30,0,0,19,11,0,0
classic_cross_trap_medium,ppo,30,0,2,15,13,0,0
classic_cross_trap_medium,prediction_planner,30,0,0,0,30,0,0
classic_cross_trap_medium,predictive_mppi,30,0,7,0,23,0,0
classic_cross_trap_medium,risk_dwa,30,0,0,0,30,0,0
classic_cross_trap_medium,sacadrl,30,0,0,5,25,0,0
classic_cross_trap_medium,scenario_adaptive_hybrid_orca_v2_bottleneck_yield,30,0,6,22,2,0,0
classic_cross_trap_medium,scenario_adaptive_hybrid_orca_v2_collision_guard,30,0,6,22,2,0,0
classic_cross_trap_medium,social_force,30,0,25,0,5,0,0
classic_cross_trap_medium,socnav_sampling,30,0,0,0,30,0,0
classic_doorway_high,goal,30,30,0,4,26,0,0
classic_doorway_high,guarded_ppo,30,30,6,0,24,6,6
classic_doorway_high,hybrid_rule_v3_fast_progress_static_escape,30,30,0,17,13,0,0
classic_doorway_high,hybrid_rule_v3_fast_progress_static_escape_continuous,30,30,1,18,11,1,1
classic_doorway_high,orca,30,30,1,26,3,1,1
classic_doorway_high,ppo,30,30,0,3,27,0,0
classic_doorway_high,prediction_planner,30,30,0,9,21,0,0
classic_doorway_high,predictive_mppi,30,30,0,1,29,0,0
classic_doorway_high,risk_dwa,30,30,0,1,29,0,0
classic_doorway_high,sacadrl,30,30,0,0,30,0,0
classic_doorway_high,scenario_adaptive_hybrid_orca_v2_bottleneck_yield,30,30,0,17,13,0,0
classic_doorway_high,scenario_adaptive_hybrid_orca_v2_collision_guard,30,30,0,17,13,0,0
classic_doorway_high,social_force,30,30,30,0,0,30,30
classic_doorway_high,socnav_sampling,30,30,0,0,30,0,0
classic_doorway_low,goal,30,30,0,4,26,0,0
classic_doorway_low,guarded_ppo,30,30,19,1,10,19,19
classic_doorway_low,hybrid_rule_v3_fast_progress_static_escape,30,30,0,24,6,0,0
classic_doorway_low,hybrid_rule_v3_fast_progress_static_escape_continuous,30,30,1,23,6,1,1
classic_doorway_low,orca,30,30,1,25,4,1,1
classic_doorway_low,ppo,30,30,0,8,22,0,0
classic_doorway_low,prediction_planner,30,30,0,9,21,0,0
classic_doorway_low,predictive_mppi,30,30,0,5,25,0,0
classic_doorway_low,risk_dwa,30,30,0,1,29,0,0
classic_doorway_low,sacadrl,30,30,0,0,30,0,0
classic_doorway_low,scenario_adaptive_hybrid_orca_v2_bottleneck_yield,30,30,0,24,6,0,0
classic_doorway_low,scenario_adaptive_hybrid_orca_v2_collision_guard,30,30,0,24,6,0,0
classic_doorway_low,social_force,30,30,30,0,0,30,30
classic_doorway_low,socnav_sampling,30,30,0,0,30,0,0
classic_doorway_medium,goal,30,30,0,2,28,0,0
classic_doorway_medium,guarded_ppo,30,30,13,0,17,13,13
classic_doorway_medium,hybrid_rule_v3_fast_progress_static_escape,30,30,1,29,0,1,1
classic_doorway_medium,hybrid_rule_v3_fast_progress_static_escape_continuous,30,30,0,29,1,0,0
classic_doorway_medium,orca,30,30,1,27,2,1,1
classic_doorway_medium,ppo,30,30,0,4,26,0,0
classic_doorway_medium,prediction_planner,30,30,0,8,22,0,0
classic_doorway_medium,predictive_mppi,30,30,0,2,28,0,0
classic_doorway_medium,risk_dwa,30,30,0,0,30,0,0
classic_doorway_medium,sacadrl,30,30,0,0,30,0,0
classic_doorway_medium,scenario_adaptive_hybrid_orca_v2_bottleneck_yield,30,30,1,29,0,1,1
classic_doorway_medium,scenario_adaptive_hybrid_orca_v2_collision_guard,30,30,1,29,0,1,1
classic_doorway_medium,social_force,30,30,30,0,0,30,30
classic_doorway_medium,socnav_sampling,30,30,0,1,29,0,0
classic_group_crossing_high,goal,30,30,0,19,11,0,0
classic_group_crossing_high,guarded_ppo,30,30,27,0,3,27,27
classic_group_crossing_high,hybrid_rule_v3_fast_progress_static_escape,30,30,0,30,0,0,0
classic_group_crossing_high,hybrid_rule_v3_fast_progress_static_escape_continuous,30,30,0,30,0,0,0
classic_group_crossing_high,orca,30,30,0,23,7,0,0
classic_group_crossing_high,ppo,30,30,1,20,9,1,1
classic_group_crossing_high,prediction_planner,30,30,0,25,5,0,0
classic_group_crossing_high,predictive_mppi,30,30,0,3,27,0,0
classic_group_crossing_high,risk_dwa,30,30,0,0,30,0,0
classic_group_crossing_high,sacadrl,30,30,0,23,7,0,0
classic_group_crossing_high,scenario_adaptive_hybrid_orca_v2_bottleneck_yield,30,30,0,30,0,0,0
classic_group_crossing_high,scenario_adaptive_hybrid_orca_v2_collision_guard,30,30,0,30,0,0,0
classic_group_crossing_high,social_force,30,30,30,0,0,30,30
classic_group_crossing_high,socnav_sampling,30,30,0,4,26,0,0
classic_group_crossing_low,goal,30,30,0,25,5,0,0
classic_group_crossing_low,guarded_ppo,30,30,9,14,7,9,9
classic_group_crossing_low,hybrid_rule_v3_fast_progress_static_escape,30,30,0,30,0,0,0
classic_group_crossing_low,hybrid_rule_v3_fast_progress_static_escape_continuous,30,30,0,30,0,0,0
classic_group_crossing_low,orca,30,30,0,28,2,0,0
classic_group_crossing_low,ppo,30,30,0,27,3,0,0
classic_group_crossing_low,prediction_planner,30,30,0,28,2,0,0
classic_group_crossing_low,predictive_mppi,30,30,0,0,30,0,0
classic_group_crossing_low,risk_dwa,30,30,0,1,29,0,0
classic_group_crossing_low,sacadrl,30,30,0,26,4,0,0
classic_group_crossing_low,scenario_adaptive_hybrid_orca_v2_bottleneck_yield,30,30,0,30,0,0,0
classic_group_crossing_low,scenario_adaptive_hybrid_orca_v2_collision_guard,30,30,0,30,0,0,0
classic_group_crossing_low,social_force,30,30,30,0,0,30,30
classic_group_crossing_low,socnav_sampling,30,30,0,14,16,0,0
classic_group_crossing_medium,goal,30,30,0,24,6,0,0
classic_group_crossing_medium,guarded_ppo,30,30,22,6,2,22,22
classic_group_crossing_medium,hybrid_rule_v3_fast_progress_static_escape,30,30,0,30,0,0,0
classic_group_crossing_medium,hybrid_rule_v3_fast_progress_static_escape_continuous,30,30,0,30,0,0,0
classic_group_crossing_medium,orca,30,30,0,28,2,0,0
classic_group_crossing_medium,ppo,30,30,2,23,5,2,2
classic_group_crossing_medium,prediction_planner,30,30,0,26,4,0,0
classic_group_crossing_medium,predictive_mppi,30,30,0,0,30,0,0
classic_group_crossing_medium,risk_dwa,30,30,0,0,30,0,0
classic_group_crossing_medium,sacadrl,30,30,0,26,4,0,0
classic_group_crossing_medium,scenario_adaptive_hybrid_orca_v2_bottleneck_yield,30,30,0,30,0,0,0
classic_group_crossing_medium,scenario_adaptive_hybrid_orca_v2_collision_guard,30,30,0,30,0,0,0
classic_group_crossing_medium,social_force,30,30,30,0,0,30,30
classic_group_crossing_medium,socnav_sampling,30,30,0,8,22,0,0
classic_head_on_corridor_low,goal,30,30,0,15,15,0,0
classic_head_on_corridor_low,guarded_ppo,30,30,6,21,3,6,6
classic_head_on_corridor_low,hybrid_rule_v3_fast_progress_static_escape,30,30,0,21,9,0,0
classic_head_on_corridor_low,hybrid_rule_v3_fast_progress_static_escape_continuous,30,30,0,26,4,0,0
classic_head_on_corridor_low,orca,30,30,0,26,4,0,0
classic_head_on_corridor_low,ppo,30,30,2,24,4,2,2
classic_head_on_corridor_low,prediction_planner,30,30,0,26,4,0,0
classic_head_on_corridor_low,predictive_mppi,30,30,25,2,3,25,25
classic_head_on_corridor_low,risk_dwa,30,30,9,0,21,9,9
classic_head_on_corridor_low,sacadrl,30,30,0,24,6,0,0
classic_head_on_corridor_low,scenario_adaptive_hybrid_orca_v2_bottleneck_yield,30,30,0,21,9,0,0
classic_head_on_corridor_low,scenario_adaptive_hybrid_orca_v2_collision_guard,30,30,0,21,9,0,0
classic_head_on_corridor_low,social_force,30,30,12,2,16,12,12
classic_head_on_corridor_low,socnav_sampling,30,30,0,20,10,0,0
classic_head_on_corridor_medium,goal,30,30,0,7,23,0,0
classic_head_on_corridor_medium,guarded_ppo,30,30,18,9,3,18,18
classic_head_on_corridor_medium,hybrid_rule_v3_fast_progress_static_escape,30,30,0,20,10,0,0
classic_head_on_corridor_medium,hybrid_rule_v3_fast_progress_static_escape_continuous,30,30,0,26,4,0,0
classic_head_on_corridor_medium,orca,30,30,0,24,6,0,0
classic_head_on_corridor_medium,ppo,30,30,1,23,6,1,1
classic_head_on_corridor_medium,prediction_planner,30,30,0,21,9,0,0
classic_head_on_corridor_medium,predictive_mppi,30,30,25,1,4,25,25
classic_head_on_corridor_medium,risk_dwa,30,30,4,0,26,4,4
classic_head_on_corridor_medium,sacadrl,30,30,0,11,19,0,0
classic_head_on_corridor_medium,scenario_adaptive_hybrid_orca_v2_bottleneck_yield,30,30,0,20,10,0,0
classic_head_on_corridor_medium,scenario_adaptive_hybrid_orca_v2_collision_guard,30,30,0,20,10,0,0
classic_head_on_corridor_medium,social_force,30,30,5,2,23,5,5
classic_head_on_corridor_medium,socnav_sampling,30,30,0,20,10,0,0
classic_merging_low,goal,30,0,22,0,8,0,0
classic_merging_low,guarded_ppo,30,0,0,0,30,0,0
classic_merging_low,hybrid_rule_v3_fast_progress_static_escape,30,0,3,23,4,0,0
classic_merging_low,hybrid_rule_v3_fast_progress_static_escape_continuous,30,0,6,24,0,0,0
classic_merging_low,orca,30,0,0,15,15,0,0
classic_merging_low,ppo,30,0,0,0,30,0,0
classic_merging_low,prediction_planner,30,0,0,1,29,0,0
classic_merging_low,predictive_mppi,30,0,0,0,30,0,0
classic_merging_low,risk_dwa,30,0,0,0,30,0,0
classic_merging_low,sacadrl,30,0,1,0,29,0,0
classic_merging_low,scenario_adaptive_hybrid_orca_v2_bottleneck_yield,30,0,3,23,4,0,0
classic_merging_low,scenario_adaptive_hybrid_orca_v2_collision_guard,30,0,3,23,4,0,0
classic_merging_low,social_force,30,0,30,0,0,0,0
classic_merging_low,socnav_sampling,30,0,0,8,22,0,0
classic_merging_medium,goal,30,0,14,0,16,0,0
classic_merging_medium,guarded_ppo,30,0,3,0,27,0,0
classic_merging_medium,hybrid_rule_v3_fast_progress_static_escape,30,0,10,17,3,0,0
classic_merging_medium,hybrid_rule_v3_fast_progress_static_escape_continuous,30,0,14,15,1,0,0
classic_merging_medium,orca,30,0,3,9,18,0,0
classic_merging_medium,ppo,30,0,1,0,29,0,0
classic_merging_medium,prediction_planner,30,0,0,1,29,0,0
classic_merging_medium,predictive_mppi,30,0,0,0,30,0,0
classic_merging_medium,risk_dwa,30,0,0,0,30,0,0
classic_merging_medium,sacadrl,30,0,0,0,30,0,0
classic_merging_medium,scenario_adaptive_hybrid_orca_v2_bottleneck_yield,30,0,10,17,3,0,0
classic_merging_medium,scenario_adaptive_hybrid_orca_v2_collision_guard,30,0,10,17,3,0,0
classic_merging_medium,social_force,30,0,30,0,0,0,0
classic_merging_medium,socnav_sampling,30,0,0,1,29,0,0
classic_overtaking_low,goal,30,0,0,0,30,0,0
classic_overtaking_low,guarded_ppo,30,0,1,3,26,0,0
classic_overtaking_low,hybrid_rule_v3_fast_progress_static_escape,30,0,0,30,0,0,0
classic_overtaking_low,hybrid_rule_v3_fast_progress_static_escape_continuous,30,0,0,30,0,0,0
classic_overtaking_low,orca,30,0,0,27,3,0,0
classic_overtaking_low,ppo,30,0,0,18,12,0,0
classic_overtaking_low,prediction_planner,30,0,1,14,15,0,0
classic_overtaking_low,predictive_mppi,30,0,14,0,16,0,0
classic_overtaking_low,risk_dwa,30,0,12,0,18,0,0
classic_overtaking_low,sacadrl,30,0,0,0,30,0,0
classic_overtaking_low,scenario_adaptive_hybrid_orca_v2_bottleneck_yield,30,0,0,30,0,0,0
classic_overtaking_low,scenario_adaptive_hybrid_orca_v2_collision_guard,30,0,0,30,0,0,0
classic_overtaking_low,social_force,30,0,28,0,2,0,0
classic_overtaking_low,socnav_sampling,30,0,0,18,12,0,0
classic_overtaking_medium,goal,30,0,0,0,30,0,0
classic_overtaking_medium,guarded_ppo,30,0,5,1,24,0,0
classic_overtaking_medium,hybrid_rule_v3_fast_progress_static_escape,30,0,0,29,1,0,0
classic_overtaking_medium,hybrid_rule_v3_fast_progress_static_escape_continuous,30,0,1,29,0,0,0
classic_overtaking_medium,orca,30,0,0,26,4,0,0
classic_overtaking_medium,ppo,30,0,2,16,12,0,0
classic_overtaking_medium,prediction_planner,30,0,1,15,14,0,0
classic_overtaking_medium,predictive_mppi,30,0,13,0,17,0,0
classic_overtaking_medium,risk_dwa,30,0,12,0,18,0,0
classic_overtaking_medium,sacadrl,30,0,0,0,30,0,0
classic_overtaking_medium,scenario_adaptive_hybrid_orca_v2_bottleneck_yield,30,0,1,29,0,0,0
classic_overtaking_medium,scenario_adaptive_hybrid_orca_v2_collision_guard,30,0,1,29,0,0,0
classic_overtaking_medium,social_force,30,0,27,0,3,0,0
classic_overtaking_medium,socnav_sampling,30,0,0,12,18,0,0
classic_realworld_double_bottleneck_high,goal,30,0,0,30,0,0,0
classic_realworld_double_bottleneck_high,guarded_ppo,30,0,30,0,0,0,0
classic_realworld_double_bottleneck_high,hybrid_rule_v3_fast_progress_static_escape,30,0,0,30,0,0,0
classic_realworld_double_bottleneck_high,hybrid_rule_v3_fast_progress_static_escape_continuous,30,0,0,30,0,0,0
classic_realworld_double_bottleneck_high,orca,30,0,0,30,0,0,0
classic_realworld_double_bottleneck_high,ppo,30,0,0,0,30,0,0
classic_realworld_double_bottleneck_high,prediction_planner,30,0,0,9,21,0,0
classic_realworld_double_bottleneck_high,predictive_mppi,30,0,0,0,30,0,0
classic_realworld_double_bottleneck_high,risk_dwa,30,0,0,0,30,0,0
classic_realworld_double_bottleneck_high,sacadrl,30,0,0,0,30,0,0
classic_realworld_double_bottleneck_high,scenario_adaptive_hybrid_orca_v2_bottleneck_yield,30,0,0,30,0,0,0
classic_realworld_double_bottleneck_high,scenario_adaptive_hybrid_orca_v2_collision_guard,30,0,0,30,0,0,0
classic_realworld_double_bottleneck_high,social_force,30,0,30,0,0,0,0
classic_realworld_double_bottleneck_high,socnav_sampling,30,0,0,0,30,0,0
classic_station_platform_medium,goal,30,0,0,0,30,0,0
classic_station_platform_medium,guarded_ppo,30,0,12,0,18,0,0
classic_station_platform_medium,hybrid_rule_v3_fast_progress_static_escape,30,0,15,5,10,0,0
classic_station_platform_medium,hybrid_rule_v3_fast_progress_static_escape_continuous,30,0,15,6,9,0,0
classic_station_platform_medium,orca,30,0,1,17,12,0,0
classic_station_platform_medium,ppo,30,0,5,0,25,0,0
classic_station_platform_medium,prediction_planner,30,0,8,0,22,0,0
classic_station_platform_medium,predictive_mppi,30,0,17,0,13,0,0
classic_station_platform_medium,risk_dwa,30,0,15,0,15,0,0
classic_station_platform_medium,sacadrl,30,0,1,0,29,0,0
classic_station_platform_medium,scenario_adaptive_hybrid_orca_v2_bottleneck_yield,30,0,15,5,10,0,0
classic_station_platform_medium,scenario_adaptive_hybrid_orca_v2_collision_guard,30,0,15,5,10,0,0
classic_station_platform_medium,social_force,30,0,20,0,10,0,0
classic_station_platform_medium,socnav_sampling,30,0,0,0,30,0,0
classic_t_intersection_low,goal,30,30,0,0,30,0,0
classic_t_intersection_low,guarded_ppo,30,30,0,9,21,0,0
classic_t_intersection_low,hybrid_rule_v3_fast_progress_static_escape,30,30,0,30,0,0,0
classic_t_intersection_low,hybrid_rule_v3_fast_progress_static_escape_continuous,30,30,2,28,0,2,2
classic_t_intersection_low,orca,30,30,0,27,3,0,0
classic_t_intersection_low,ppo,30,30,0,10,20,0,0
classic_t_intersection_low,prediction_planner,30,30,0,21,9,0,0
classic_t_intersection_low,predictive_mppi,30,30,0,0,30,0,0
classic_t_intersection_low,risk_dwa,30,30,1,0,29,1,1
classic_t_intersection_low,sacadrl,30,30,0,0,30,0,0
classic_t_intersection_low,scenario_adaptive_hybrid_orca_v2_bottleneck_yield,30,30,0,30,0,0,0
classic_t_intersection_low,scenario_adaptive_hybrid_orca_v2_collision_guard,30,30,0,30,0,0,0
classic_t_intersection_low,social_force,30,30,0,0,30,0,0
classic_t_intersection_low,socnav_sampling,30,30,0,23,7,0,0
classic_t_intersection_medium,goal,30,30,0,0,30,0,0
classic_t_intersection_medium,guarded_ppo,30,30,0,4,26,0,0
classic_t_intersection_medium,hybrid_rule_v3_fast_progress_static_escape,30,30,0,30,0,0,0
classic_t_intersection_medium,hybrid_rule_v3_fast_progress_static_escape_continuous,30,30,2,28,0,2,2
classic_t_intersection_medium,orca,30,30,0,25,5,0,0
classic_t_intersection_medium,ppo,30,30,0,4,26,0,0
classic_t_intersection_medium,prediction_planner,30,30,0,18,12,0,0
classic_t_intersection_medium,predictive_mppi,30,30,0,0,30,0,0
classic_t_intersection_medium,risk_dwa,30,30,1,0,29,1,1
classic_t_intersection_medium,sacadrl,30,30,0,0,30,0,0
classic_t_intersection_medium,scenario_adaptive_hybrid_orca_v2_bottleneck_yield,30,30,0,30,0,0,0
classic_t_intersection_medium,scenario_adaptive_hybrid_orca_v2_collision_guard,30,30,0,30,0,0,0
classic_t_intersection_medium,social_force,30,30,0,0,30,0,0
classic_t_intersection_medium,socnav_sampling,30,30,0,17,13,0,0
classic_urban_crossing_medium,goal,30,0,0,21,9,0,0
classic_urban_crossing_medium,guarded_ppo,30,0,28,1,1,0,0
classic_urban_crossing_medium,hybrid_rule_v3_fast_progress_static_escape,30,0,2,28,0,0,0
classic_urban_crossing_medium,hybrid_rule_v3_fast_progress_static_escape_continuous,30,0,3,27,0,0,0
classic_urban_crossing_medium,orca,30,0,0,28,2,0,0
classic_urban_crossing_medium,ppo,30,0,0,24,6,0,0
classic_urban_crossing_medium,prediction_planner,30,0,0,22,8,0,0
classic_urban_crossing_medium,predictive_mppi,30,0,0,9,21,0,0
classic_urban_crossing_medium,risk_dwa,30,0,0,1,29,0,0
classic_urban_crossing_medium,sacadrl,30,0,0,3,27,0,0
classic_urban_crossing_medium,scenario_adaptive_hybrid_orca_v2_bottleneck_yield,30,0,2,28,0,0,0
classic_urban_crossing_medium,scenario_adaptive_hybrid_orca_v2_collision_guard,30,0,2,28,0,0,0
classic_urban_crossing_medium,social_force,30,0,0,0,30,0,0
classic_urban_crossing_medium,socnav_sampling,30,0,0,16,14,0,0
francis2023_accompanying_peer,goal,30,30,0,30,0,0,0
francis2023_accompanying_peer,guarded_ppo,30,30,20,10,0,20,20
francis2023_accompanying_peer,hybrid_rule_v3_fast_progress_static_escape,30,30,0,30,0,0,0
francis2023_accompanying_peer,hybrid_rule_v3_fast_progress_static_escape_continuous,30,30,0,30,0,0,0
francis2023_accompanying_peer,orca,30,30,0,30,0,0,0
francis2023_accompanying_peer,ppo,30,30,0,30,0,0,0
francis2023_accompanying_peer,prediction_planner,30,30,0,24,6,0,0
francis2023_accompanying_peer,predictive_mppi,30,30,21,0,9,21,21
francis2023_accompanying_peer,risk_dwa,30,30,0,0,30,0,0
francis2023_accompanying_peer,sacadrl,30,30,0,0,30,0,0
francis2023_accompanying_peer,scenario_adaptive_hybrid_orca_v2_bottleneck_yield,30,30,0,30,0,0,0
francis2023_accompanying_peer,scenario_adaptive_hybrid_orca_v2_collision_guard,30,30,0,30,0,0,0
francis2023_accompanying_peer,social_force,30,30,0,0,30,0,0
francis2023_accompanying_peer,socnav_sampling,30,30,0,0,30,0,0
francis2023_blind_corner,goal,30,30,0,0,30,0,0
francis2023_blind_corner,guarded_ppo,30,30,3,7,20,3,3
francis2023_blind_corner,hybrid_rule_v3_fast_progress_static_escape,30,30,0,30,0,0,0
francis2023_blind_corner,hybrid_rule_v3_fast_progress_static_escape_continuous,30,30,0,30,0,0,0
francis2023_blind_corner,orca,30,30,0,30,0,0,0
francis2023_blind_corner,ppo,30,30,0,13,17,0,0
francis2023_blind_corner,prediction_planner,30,30,0,4,26,0,0
francis2023_blind_corner,predictive_mppi,30,30,3,0,27,3,3
francis2023_blind_corner,risk_dwa,30,30,0,1,29,0,0
francis2023_blind_corner,sacadrl,30,30,0,0,30,0,0
francis2023_blind_corner,scenario_adaptive_hybrid_orca_v2_bottleneck_yield,30,30,0,30,0,0,0
francis2023_blind_corner,scenario_adaptive_hybrid_orca_v2_collision_guard,30,30,0,30,0,0,0
francis2023_blind_corner,social_force,30,30,0,0,30,0,0
francis2023_blind_corner,socnav_sampling,30,30,0,0,30,0,0
francis2023_circular_crossing,goal,30,30,0,23,7,0,0
francis2023_circular_crossing,guarded_ppo,30,30,13,9,8,13,13
francis2023_circular_crossing,hybrid_rule_v3_fast_progress_static_escape,30,30,0,23,7,0,0
francis2023_circular_crossing,hybrid_rule_v3_fast_progress_static_escape_continuous,30,30,0,23,7,0,0
francis2023_circular_crossing,orca,30,30,0,23,7,0,0
francis2023_circular_crossing,ppo,30,30,0,23,7,0,0
francis2023_circular_crossing,prediction_planner,30,30,0,23,7,0,0
francis2023_circular_crossing,predictive_mppi,30,30,0,0,30,0,0
francis2023_circular_crossing,risk_dwa,30,30,0,0,30,0,0
francis2023_circular_crossing,sacadrl,30,30,0,23,7,0,0
francis2023_circular_crossing,scenario_adaptive_hybrid_orca_v2_bottleneck_yield,30,30,0,23,7,0,0
francis2023_circular_crossing,scenario_adaptive_hybrid_orca_v2_collision_guard,30,30,0,23,7,0,0
francis2023_circular_crossing,social_force,30,30,23,0,7,23,23
francis2023_circular_crossing,socnav_sampling,30,30,0,23,7,0,0
francis2023_crowd_navigation,goal,30,30,0,4,26,0,0
francis2023_crowd_navigation,guarded_ppo,30,30,29,0,1,29,29
francis2023_crowd_navigation,hybrid_rule_v3_fast_progress_static_escape,30,30,0,30,0,0,0
francis2023_crowd_navigation,hybrid_rule_v3_fast_progress_static_escape_continuous,30,30,0,30,0,0,0
francis2023_crowd_navigation,orca,30,30,0,28,2,0,0
francis2023_crowd_navigation,ppo,30,30,3,22,5,3,3
francis2023_crowd_navigation,prediction_planner,30,30,0,14,16,0,0
francis2023_crowd_navigation,predictive_mppi,30,30,21,2,7,21,21
francis2023_crowd_navigation,risk_dwa,30,30,2,0,28,2,2
francis2023_crowd_navigation,sacadrl,30,30,0,26,4,0,0
francis2023_crowd_navigation,scenario_adaptive_hybrid_orca_v2_bottleneck_yield,30,30,0,30,0,0,0
francis2023_crowd_navigation,scenario_adaptive_hybrid_orca_v2_collision_guard,30,30,0,30,0,0,0
francis2023_crowd_navigation,social_force,30,30,2,0,28,2,2
francis2023_crowd_navigation,socnav_sampling,30,30,0,0,30,0,0
francis2023_down_path,goal,30,30,0,30,0,0,0
francis2023_down_path,guarded_ppo,30,30,30,0,0,30,30
francis2023_down_path,hybrid_rule_v3_fast_progress_static_escape,30,30,0,30,0,0,0
francis2023_down_path,hybrid_rule_v3_fast_progress_static_escape_continuous,30,30,0,30,0,0,0
francis2023_down_path,orca,30,30,0,30,0,0,0
francis2023_down_path,ppo,30,30,0,30,0,0,0
francis2023_down_path,prediction_planner,30,30,0,24,6,0,0
francis2023_down_path,predictive_mppi,30,30,25,0,5,25,25
francis2023_down_path,risk_dwa,30,30,0,0,30,0,0
francis2023_down_path,sacadrl,30,30,0,0,30,0,0
francis2023_down_path,scenario_adaptive_hybrid_orca_v2_bottleneck_yield,30,30,0,30,0,0,0
francis2023_down_path,scenario_adaptive_hybrid_orca_v2_collision_guard,30,30,0,30,0,0,0
francis2023_down_path,social_force,30,30,0,0,30,0,0
francis2023_down_path,socnav_sampling,30,30,0,0,30,0,0
francis2023_entering_elevator,goal,30,30,0,23,7,0,0
francis2023_entering_elevator,guarded_ppo,30,30,1,7,22,1,1
francis2023_entering_elevator,hybrid_rule_v3_fast_progress_static_escape,30,30,0,30,0,0,0
francis2023_entering_elevator,hybrid_rule_v3_fast_progress_static_escape_continuous,30,30,0,30,0,0,0
francis2023_entering_elevator,orca,30,30,0,30,0,0,0
francis2023_entering_elevator,ppo,30,30,0,18,12,0,0
francis2023_entering_elevator,prediction_planner,30,30,0,23,7,0,0
francis2023_entering_elevator,predictive_mppi,30,30,0,15,15,0,0
francis2023_entering_elevator,risk_dwa,30,30,0,6,24,0,0
francis2023_entering_elevator,sacadrl,30,30,0,0,30,0,0
francis2023_entering_elevator,scenario_adaptive_hybrid_orca_v2_bottleneck_yield,30,30,0,30,0,0,0
francis2023_entering_elevator,scenario_adaptive_hybrid_orca_v2_collision_guard,30,30,0,30,0,0,0
francis2023_entering_elevator,social_force,30,30,30,0,0,30,30
francis2023_entering_elevator,socnav_sampling,30,30,0,24,6,0,0
francis2023_entering_room,goal,30,30,0,23,7,0,0
francis2023_entering_room,guarded_ppo,30,30,0,18,12,0,0
francis2023_entering_room,hybrid_rule_v3_fast_progress_static_escape,30,30,0,30,0,0,0
francis2023_entering_room,hybrid_rule_v3_fast_progress_static_escape_continuous,30,30,0,30,0,0,0
francis2023_entering_room,orca,30,30,0,30,0,0,0
francis2023_entering_room,ppo,30,30,0,25,5,0,0
francis2023_entering_room,prediction_planner,30,30,0,23,7,0,0
francis2023_entering_room,predictive_mppi,30,30,0,22,8,0,0
francis2023_entering_room,risk_dwa,30,30,0,21,9,0,0
francis2023_entering_room,sacadrl,30,30,0,0,30,0,0
francis2023_entering_room,scenario_adaptive_hybrid_orca_v2_bottleneck_yield,30,30,0,30,0,0,0
francis2023_entering_room,scenario_adaptive_hybrid_orca_v2_collision_guard,30,30,0,30,0,0,0
francis2023_entering_room,social_force,30,30,30,0,0,30,30
francis2023_entering_room,socnav_sampling,30,30,0,28,2,0,0
francis2023_exiting_elevator,goal,30,30,0,0,30,0,0
francis2023_exiting_elevator,guarded_ppo,30,30,29,0,1,29,29
francis2023_exiting_elevator,hybrid_rule_v3_fast_progress_static_escape,30,30,0,30,0,0,0
francis2023_exiting_elevator,hybrid_rule_v3_fast_progress_static_escape_continuous,30,30,4,26,0,4,4
francis2023_exiting_elevator,orca,30,30,0,24,6,0,0
francis2023_exiting_elevator,ppo,30,30,4,8,18,4,4
francis2023_exiting_elevator,prediction_planner,30,30,2,21,7,2,2
francis2023_exiting_elevator,predictive_mppi,30,30,0,0,30,0,0
francis2023_exiting_elevator,risk_dwa,30,30,0,0,30,0,0
francis2023_exiting_elevator,sacadrl,30,30,0,26,4,0,0
francis2023_exiting_elevator,scenario_adaptive_hybrid_orca_v2_bottleneck_yield,30,30,0,30,0,0,0
francis2023_exiting_elevator,scenario_adaptive_hybrid_orca_v2_collision_guard,30,30,0,30,0,0,0
francis2023_exiting_elevator,social_force,30,30,0,0,30,0,0
francis2023_exiting_elevator,socnav_sampling,30,30,0,0,30,0,0
francis2023_exiting_room,goal,30,30,0,23,7,0,0
francis2023_exiting_room,guarded_ppo,30,30,28,1,1,28,28
francis2023_exiting_room,hybrid_rule_v3_fast_progress_static_escape,30,30,0,30,0,0,0
francis2023_exiting_room,hybrid_rule_v3_fast_progress_static_escape_continuous,30,30,0,30,0,0,0
francis2023_exiting_room,orca,30,30,0,30,0,0,0
francis2023_exiting_room,ppo,30,30,0,25,5,0,0
francis2023_exiting_room,prediction_planner,30,30,0,23,7,0,0
francis2023_exiting_room,predictive_mppi,30,30,0,2,28,0,0
francis2023_exiting_room,risk_dwa,30,30,0,1,29,0,0
francis2023_exiting_room,sacadrl,30,30,0,30,0,0,0
francis2023_exiting_room,scenario_adaptive_hybrid_orca_v2_bottleneck_yield,30,30,0,30,0,0,0
francis2023_exiting_room,scenario_adaptive_hybrid_orca_v2_collision_guard,30,30,0,30,0,0,0
francis2023_exiting_room,social_force,30,30,30,0,0,30,30
francis2023_exiting_room,socnav_sampling,30,30,0,29,1,0,0
francis2023_following_human,goal,30,30,0,30,0,0,0
francis2023_following_human,guarded_ppo,30,30,1,0,29,1,1
francis2023_following_human,hybrid_rule_v3_fast_progress_static_escape,30,30,0,30,0,0,0
francis2023_following_human,hybrid_rule_v3_fast_progress_static_escape_continuous,30,30,0,30,0,0,0
francis2023_following_human,orca,30,30,0,27,3,0,0
francis2023_following_human,ppo,30,30,0,30,0,0,0
francis2023_following_human,prediction_planner,30,30,0,24,6,0,0
francis2023_following_human,predictive_mppi,30,30,21,0,9,21,21
francis2023_following_human,risk_dwa,30,30,0,0,30,0,0
francis2023_following_human,sacadrl,30,30,0,0,30,0,0
francis2023_following_human,scenario_adaptive_hybrid_orca_v2_bottleneck_yield,30,30,0,30,0,0,0
francis2023_following_human,scenario_adaptive_hybrid_orca_v2_collision_guard,30,30,0,30,0,0,0
francis2023_following_human,social_force,30,30,0,0,30,0,0
francis2023_following_human,socnav_sampling,30,30,0,0,30,0,0
francis2023_frontal_approach,goal,30,30,0,0,30,0,0
francis2023_frontal_approach,guarded_ppo,30,30,0,20,10,0,0
francis2023_frontal_approach,hybrid_rule_v3_fast_progress_static_escape,30,30,0,30,0,0,0
francis2023_frontal_approach,hybrid_rule_v3_fast_progress_static_escape_continuous,30,30,0,30,0,0,0
francis2023_frontal_approach,orca,30,30,0,30,0,0,0
francis2023_frontal_approach,ppo,30,30,1,6,23,1,1
francis2023_frontal_approach,prediction_planner,30,30,0,30,0,0,0
francis2023_frontal_approach,predictive_mppi,30,30,29,1,0,29,29
francis2023_frontal_approach,risk_dwa,30,30,22,0,8,22,22
francis2023_frontal_approach,sacadrl,30,30,0,0,30,0,0
francis2023_frontal_approach,scenario_adaptive_hybrid_orca_v2_bottleneck_yield,30,30,0,30,0,0,0
francis2023_frontal_approach,scenario_adaptive_hybrid_orca_v2_collision_guard,30,30,0,30,0,0,0
francis2023_frontal_approach,social_force,30,30,1,4,25,1,1
francis2023_frontal_approach,socnav_sampling,30,30,0,0,30,0,0
francis2023_intersection_no_gesture,goal,30,30,0,30,0,0,0
francis2023_intersection_no_gesture,guarded_ppo,30,30,1,29,0,1,1
francis2023_intersection_no_gesture,hybrid_rule_v3_fast_progress_static_escape,30,30,3,27,0,3,3
francis2023_intersection_no_gesture,hybrid_rule_v3_fast_progress_static_escape_continuous,30,30,3,27,0,3,3
francis2023_intersection_no_gesture,orca,30,30,0,30,0,0,0
francis2023_intersection_no_gesture,ppo,30,30,0,25,5,0,0
francis2023_intersection_no_gesture,prediction_planner,30,30,0,30,0,0,0
francis2023_intersection_no_gesture,predictive_mppi,30,30,0,0,30,0,0
francis2023_intersection_no_gesture,risk_dwa,30,30,0,0,30,0,0
francis2023_intersection_no_gesture,sacadrl,30,30,0,30,0,0,0
francis2023_intersection_no_gesture,scenario_adaptive_hybrid_orca_v2_bottleneck_yield,30,30,3,27,0,3,3
francis2023_intersection_no_gesture,scenario_adaptive_hybrid_orca_v2_collision_guard,30,30,3,27,0,3,3
francis2023_intersection_no_gesture,social_force,30,30,0,0,30,0,0
francis2023_intersection_no_gesture,socnav_sampling,30,30,0,30,0,0,0
francis2023_intersection_proceed,goal,30,30,0,30,0,0,0
francis2023_intersection_proceed,guarded_ppo,30,30,1,28,1,1,1
francis2023_intersection_proceed,hybrid_rule_v3_fast_progress_static_escape,30,30,3,27,0,3,3
francis2023_intersection_proceed,hybrid_rule_v3_fast_progress_static_escape_continuous,30,30,3,27,0,3,3
francis2023_intersection_proceed,orca,30,30,0,30,0,0,0
francis2023_intersection_proceed,ppo,30,30,0,24,6,0,0
francis2023_intersection_proceed,prediction_planner,30,30,0,30,0,0,0
francis2023_intersection_proceed,predictive_mppi,30,30,0,0,30,0,0
francis2023_intersection_proceed,risk_dwa,30,30,0,0,30,0,0
francis2023_intersection_proceed,sacadrl,30,30,0,30,0,0,0
francis2023_intersection_proceed,scenario_adaptive_hybrid_orca_v2_bottleneck_yield,30,30,3,27,0,3,3
francis2023_intersection_proceed,scenario_adaptive_hybrid_orca_v2_collision_guard,30,30,3,27,0,3,3
francis2023_intersection_proceed,social_force,30,30,0,0,30,0,0
francis2023_intersection_proceed,socnav_sampling,30,30,0,30,0,0,0
francis2023_intersection_wait,goal,30,30,0,30,0,0,0
francis2023_intersection_wait,guarded_ppo,30,30,1,28,1,1,1
francis2023_intersection_wait,hybrid_rule_v3_fast_progress_static_escape,30,30,3,27,0,3,3
francis2023_intersection_wait,hybrid_rule_v3_fast_progress_static_escape_continuous,30,30,3,27,0,3,3
francis2023_intersection_wait,orca,30,30,0,30,0,0,0
francis2023_intersection_wait,ppo,30,30,0,24,6,0,0
francis2023_intersection_wait,prediction_planner,30,30,0,30,0,0,0
francis2023_intersection_wait,predictive_mppi,30,30,0,0,30,0,0
francis2023_intersection_wait,risk_dwa,30,30,0,0,30,0,0
francis2023_intersection_wait,sacadrl,30,30,0,30,0,0,0
francis2023_intersection_wait,scenario_adaptive_hybrid_orca_v2_bottleneck_yield,30,30,3,27,0,3,3
francis2023_intersection_wait,scenario_adaptive_hybrid_orca_v2_collision_guard,30,30,3,27,0,3,3
francis2023_intersection_wait,social_force,30,30,0,0,30,0,0
francis2023_intersection_wait,socnav_sampling,30,30,0,30,0,0,0
francis2023_join_group,goal,30,30,0,0,30,0,0
francis2023_join_group,guarded_ppo,30,30,30,0,0,30,30
francis2023_join_group,hybrid_rule_v3_fast_progress_static_escape,30,30,0,30,0,0,0
francis2023_join_group,hybrid_rule_v3_fast_progress_static_escape_continuous,30,30,2,28,0,2,2
francis2023_join_group,orca,30,30,0,27,3,0,0
francis2023_join_group,ppo,30,30,5,10,15,5,5
francis2023_join_group,prediction_planner,30,30,11,3,16,11,11
francis2023_join_group,predictive_mppi,30,30,0,0,30,0,0
francis2023_join_group,risk_dwa,30,30,0,0,30,0,0
francis2023_join_group,sacadrl,30,30,0,0,30,0,0
francis2023_join_group,scenario_adaptive_hybrid_orca_v2_bottleneck_yield,30,30,0,30,0,0,0
francis2023_join_group,scenario_adaptive_hybrid_orca_v2_collision_guard,30,30,0,30,0,0,0
francis2023_join_group,social_force,30,30,0,0,30,0,0
francis2023_join_group,socnav_sampling,30,30,3,27,0,3,3
francis2023_leading_human,goal,30,30,0,30,0,0,0
francis2023_leading_human,guarded_ppo,30,30,0,30,0,0,0
francis2023_leading_human,hybrid_rule_v3_fast_progress_static_escape,30,30,0,30,0,0,0
francis2023_leading_human,hybrid_rule_v3_fast_progress_static_escape_continuous,30,30,0,30,0,0,0
francis2023_leading_human,orca,30,30,0,30,0,0,0
francis2023_leading_human,ppo,30,30,0,30,0,0,0
francis2023_leading_human,prediction_planner,30,30,0,24,6,0,0
francis2023_leading_human,predictive_mppi,30,30,22,0,8,22,22
francis2023_leading_human,risk_dwa,30,30,0,0,30,0,0
francis2023_leading_human,sacadrl,30,30,0,0,30,0,0
francis2023_leading_human,scenario_adaptive_hybrid_orca_v2_bottleneck_yield,30,30,0,30,0,0,0
francis2023_leading_human,scenario_adaptive_hybrid_orca_v2_collision_guard,30,30,0,30,0,0,0
francis2023_leading_human,social_force,30,30,0,2,28,0,0
francis2023_leading_human,socnav_sampling,30,30,0,1,29,0,0
francis2023_leave_group,goal,30,30,0,0,30,0,0
francis2023_leave_group,guarded_ppo,30,30,30,0,0,30,30
francis2023_leave_group,hybrid_rule_v3_fast_progress_static_escape,30,30,0,30,0,0,0
francis2023_leave_group,hybrid_rule_v3_fast_progress_static_escape_continuous,30,30,1,29,0,1,1
francis2023_leave_group,orca,30,30,0,29,1,0,0
francis2023_leave_group,ppo,30,30,2,13,15,2,2
francis2023_leave_group,prediction_planner,30,30,5,3,22,5,5
francis2023_leave_group,predictive_mppi,30,30,0,0,30,0,0
francis2023_leave_group,risk_dwa,30,30,0,0,30,0,0
francis2023_leave_group,sacadrl,30,30,0,0,30,0,0
francis2023_leave_group,scenario_adaptive_hybrid_orca_v2_bottleneck_yield,30,30,0,30,0,0,0
francis2023_leave_group,scenario_adaptive_hybrid_orca_v2_collision_guard,30,30,0,30,0,0,0
francis2023_leave_group,social_force,30,30,0,0,30,0,0
francis2023_leave_group,socnav_sampling,30,30,0,30,0,0,0
francis2023_narrow_doorway,goal,30,30,0,0,30,0,0
francis2023_narrow_doorway,guarded_ppo,30,30,0,0,30,0,0
francis2023_narrow_doorway,hybrid_rule_v3_fast_progress_static_escape,30,30,30,0,0,30,30
francis2023_narrow_doorway,hybrid_rule_v3_fast_progress_static_escape_continuous,30,30,30,0,0,30,30
francis2023_narrow_doorway,orca,30,30,30,0,0,30,30
francis2023_narrow_doorway,ppo,30,30,0,0,30,0,0
francis2023_narrow_doorway,prediction_planner,30,30,0,0,30,0,0
francis2023_narrow_doorway,predictive_mppi,30,30,0,0,30,0,0
francis2023_narrow_doorway,risk_dwa,30,30,0,0,30,0,0
francis2023_narrow_doorway,sacadrl,30,30,0,0,30,0,0
francis2023_narrow_doorway,scenario_adaptive_hybrid_orca_v2_bottleneck_yield,30,30,30,0,0,30,30
francis2023_narrow_doorway,scenario_adaptive_hybrid_orca_v2_collision_guard,30,30,30,0,0,30,30
francis2023_narrow_doorway,social_force,30,30,30,0,0,30,30
francis2023_narrow_doorway,socnav_sampling,30,30,0,0,30,0,0
francis2023_narrow_hallway,goal,30,30,0,0,30,0,0
francis2023_narrow_hallway,guarded_ppo,30,30,5,11,14,5,5
francis2023_narrow_hallway,hybrid_rule_v3_fast_progress_static_escape,30,30,3,26,1,3,3
francis2023_narrow_hallway,hybrid_rule_v3_fast_progress_static_escape_continuous,30,30,6,24,0,6,6
francis2023_narrow_hallway,orca,30,30,0,21,9,0,0
francis2023_narrow_hallway,ppo,30,30,0,0,30,0,0
francis2023_narrow_hallway,prediction_planner,30,30,0,20,10,0,0
francis2023_narrow_hallway,predictive_mppi,30,30,1,0,29,1,1
francis2023_narrow_hallway,risk_dwa,30,30,0,0,30,0,0
francis2023_narrow_hallway,sacadrl,30,30,0,0,30,0,0
francis2023_narrow_hallway,scenario_adaptive_hybrid_orca_v2_bottleneck_yield,30,30,3,26,1,3,3
francis2023_narrow_hallway,scenario_adaptive_hybrid_orca_v2_collision_guard,30,30,3,26,1,3,3
francis2023_narrow_hallway,social_force,30,30,0,0,30,0,0
francis2023_narrow_hallway,socnav_sampling,30,30,0,0,30,0,0
francis2023_parallel_traffic,goal,30,30,0,27,3,0,0
francis2023_parallel_traffic,guarded_ppo,30,30,25,5,0,25,25
francis2023_parallel_traffic,hybrid_rule_v3_fast_progress_static_escape,30,30,2,28,0,2,2
francis2023_parallel_traffic,hybrid_rule_v3_fast_progress_static_escape_continuous,30,30,1,29,0,1,1
francis2023_parallel_traffic,orca,30,30,0,26,4,0,0
francis2023_parallel_traffic,ppo,30,30,2,18,10,2,2
francis2023_parallel_traffic,prediction_planner,30,30,0,27,3,0,0
francis2023_parallel_traffic,predictive_mppi,30,30,25,1,4,25,25
francis2023_parallel_traffic,risk_dwa,30,30,10,0,20,10,10
francis2023_parallel_traffic,sacadrl,30,30,0,15,15,0,0
francis2023_parallel_traffic,scenario_adaptive_hybrid_orca_v2_bottleneck_yield,30,30,2,28,0,2,2
francis2023_parallel_traffic,scenario_adaptive_hybrid_orca_v2_collision_guard,30,30,2,28,0,2,2
francis2023_parallel_traffic,social_force,30,30,0,2,28,0,0
francis2023_parallel_traffic,socnav_sampling,30,30,0,2,28,0,0
francis2023_pedestrian_obstruction,goal,30,30,0,0,30,0,0
francis2023_pedestrian_obstruction,guarded_ppo,30,30,30,0,0,30,30
francis2023_pedestrian_obstruction,hybrid_rule_v3_fast_progress_static_escape,30,30,0,30,0,0,0
francis2023_pedestrian_obstruction,hybrid_rule_v3_fast_progress_static_escape_continuous,30,30,0,30,0,0,0
francis2023_pedestrian_obstruction,orca,30,30,0,30,0,0,0
francis2023_pedestrian_obstruction,ppo,30,30,0,22,8,0,0
francis2023_pedestrian_obstruction,prediction_planner,30,30,0,5,25,0,0
francis2023_pedestrian_obstruction,predictive_mppi,30,30,19,0,11,19,19
francis2023_pedestrian_obstruction,risk_dwa,30,30,0,0,30,0,0
francis2023_pedestrian_obstruction,sacadrl,30,30,0,0,30,0,0
francis2023_pedestrian_obstruction,scenario_adaptive_hybrid_orca_v2_bottleneck_yield,30,30,0,30,0,0,0
francis2023_pedestrian_obstruction,scenario_adaptive_hybrid_orca_v2_collision_guard,30,30,0,30,0,0,0
francis2023_pedestrian_obstruction,social_force,30,30,0,0,30,0,0
francis2023_pedestrian_obstruction,socnav_sampling,30,30,0,0,30,0,0
francis2023_pedestrian_overtaking,goal,30,30,0,30,0,0,0
francis2023_pedestrian_overtaking,guarded_ppo,30,30,0,26,4,0,0
francis2023_pedestrian_overtaking,hybrid_rule_v3_fast_progress_static_escape,30,30,0,30,0,0,0
francis2023_pedestrian_overtaking,hybrid_rule_v3_fast_progress_static_escape_continuous,30,30,0,30,0,0,0
francis2023_pedestrian_overtaking,orca,30,30,0,30,0,0,0
francis2023_pedestrian_overtaking,ppo,30,30,1,3,26,1,1
francis2023_pedestrian_overtaking,prediction_planner,30,30,0,30,0,0,0
francis2023_pedestrian_overtaking,predictive_mppi,30,30,30,0,0,30,30
francis2023_pedestrian_overtaking,risk_dwa,30,30,0,0,30,0,0
francis2023_pedestrian_overtaking,sacadrl,30,30,0,29,1,0,0
francis2023_pedestrian_overtaking,scenario_adaptive_hybrid_orca_v2_bottleneck_yield,30,30,0,30,0,0,0
francis2023_pedestrian_overtaking,scenario_adaptive_hybrid_orca_v2_collision_guard,30,30,0,30,0,0,0
francis2023_pedestrian_overtaking,social_force,30,30,12,18,0,12,12
francis2023_pedestrian_overtaking,socnav_sampling,30,30,0,30,0,0,0
francis2023_perpendicular_traffic,goal,30,30,0,17,13,0,0
francis2023_perpendicular_traffic,guarded_ppo,30,30,30,0,0,30,30
francis2023_perpendicular_traffic,hybrid_rule_v3_fast_progress_static_escape,30,30,1,29,0,1,1
francis2023_perpendicular_traffic,hybrid_rule_v3_fast_progress_static_escape_continuous,30,30,3,27,0,3,3
francis2023_perpendicular_traffic,orca,30,30,0,25,5,0,0
francis2023_perpendicular_traffic,ppo,30,30,0,18,12,0,0
francis2023_perpendicular_traffic,prediction_planner,30,30,0,24,6,0,0
francis2023_perpendicular_traffic,predictive_mppi,30,30,0,0,30,0,0
francis2023_perpendicular_traffic,risk_dwa,30,30,0,0,30,0,0
francis2023_perpendicular_traffic,sacadrl,30,30,0,14,16,0,0
francis2023_perpendicular_traffic,scenario_adaptive_hybrid_orca_v2_bottleneck_yield,30,30,1,29,0,1,1
francis2023_perpendicular_traffic,scenario_adaptive_hybrid_orca_v2_collision_guard,30,30,1,29,0,1,1
francis2023_perpendicular_traffic,social_force,30,30,0,0,30,0,0
francis2023_perpendicular_traffic,socnav_sampling,30,30,0,7,23,0,0
francis2023_robot_crowding,goal,30,30,0,0,30,0,0
francis2023_robot_crowding,guarded_ppo,30,30,28,0,2,28,28
francis2023_robot_crowding,hybrid_rule_v3_fast_progress_static_escape,30,30,0,28,2,0,0
francis2023_robot_crowding,hybrid_rule_v3_fast_progress_static_escape_continuous,30,30,6,22,2,6,6
francis2023_robot_crowding,orca,30,30,0,18,12,0,0
francis2023_robot_crowding,ppo,30,30,0,21,9,0,0
francis2023_robot_crowding,prediction_planner,30,30,0,7,23,0,0
francis2023_robot_crowding,predictive_mppi,30,30,0,0,30,0,0
francis2023_robot_crowding,risk_dwa,30,30,0,0,30,0,0
francis2023_robot_crowding,sacadrl,30,30,0,3,27,0,0
francis2023_robot_crowding,scenario_adaptive_hybrid_orca_v2_bottleneck_yield,30,30,0,28,2,0,0
francis2023_robot_crowding,scenario_adaptive_hybrid_orca_v2_collision_guard,30,30,0,28,2,0,0
francis2023_robot_crowding,social_force,30,30,1,0,29,1,1
francis2023_robot_crowding,socnav_sampling,30,30,0,0,30,0,0
francis2023_robot_overtaking,goal,30,30,0,1,29,0,0
francis2023_robot_overtaking,guarded_ppo,30,30,30,0,0,30,30
francis2023_robot_overtaking,hybrid_rule_v3_fast_progress_static_escape,30,30,0,30,0,0,0
francis2023_robot_overtaking,hybrid_rule_v3_fast_progress_static_escape_continuous,30,30,0,30,0,0,0
francis2023_robot_overtaking,orca,30,30,0,30,0,0,0
francis2023_robot_overtaking,ppo,30,30,4,13,13,4,4
francis2023_robot_overtaking,prediction_planner,30,30,0,16,14,0,0
francis2023_robot_overtaking,predictive_mppi,30,30,11,2,17,11,11
francis2023_robot_overtaking,risk_dwa,30,30,1,0,29,1,1
francis2023_robot_overtaking,sacadrl,30,30,0,25,5,0,0
francis2023_robot_overtaking,scenario_adaptive_hybrid_orca_v2_bottleneck_yield,30,30,0,30,0,0,0
francis2023_robot_overtaking,scenario_adaptive_hybrid_orca_v2_collision_guard,30,30,0,30,0,0,0
francis2023_robot_overtaking,social_force,30,30,0,0,30,0,0
francis2023_robot_overtaking,socnav_sampling,30,30,0,8,22,0,0
