arm,scenario,seed,termination_reason,wall_collisions,observed_class,new_failure_status
goal__differential_drive,classic_bottleneck_low,1002,collision,1.0,observed_wall_contact_without_release_comparison,unavailable; fixed-release baseline not executed
goal__differential_drive,classic_bottleneck_medium,1002,collision,1.0,observed_wall_contact_without_release_comparison,unavailable; fixed-release baseline not executed
goal__differential_drive,classic_bottleneck_high,1002,collision,1.0,observed_wall_contact_without_release_comparison,unavailable; fixed-release baseline not executed
goal__differential_drive,classic_station_platform_medium,1001,max_steps,0.0,horizon_exhaustion_without_release_comparison,unavailable; fixed-release baseline not executed
goal__differential_drive,classic_station_platform_medium,1002,max_steps,0.0,horizon_exhaustion_without_release_comparison,unavailable; fixed-release baseline not executed
goal__differential_drive,classic_cross_trap_low,1001,collision,1.0,observed_wall_contact_without_release_comparison,unavailable; fixed-release baseline not executed
goal__differential_drive,classic_cross_trap_low,1002,collision,1.0,observed_wall_contact_without_release_comparison,unavailable; fixed-release baseline not executed
goal__differential_drive,classic_cross_trap_medium,1001,collision,1.0,observed_wall_contact_without_release_comparison,unavailable; fixed-release baseline not executed
goal__differential_drive,classic_cross_trap_medium,1002,collision,1.0,observed_wall_contact_without_release_comparison,unavailable; fixed-release baseline not executed
goal__differential_drive,classic_cross_trap_high,1001,collision,1.0,observed_wall_contact_without_release_comparison,unavailable; fixed-release baseline not executed
goal__differential_drive,classic_cross_trap_high,1002,collision,1.0,observed_wall_contact_without_release_comparison,unavailable; fixed-release baseline not executed
goal__differential_drive,classic_doorway_low,1001,collision,1.0,observed_wall_contact_without_release_comparison,unavailable; fixed-release baseline not executed
prediction_planner__differential_drive,classic_cross_trap_low,1001,collision,1.0,observed_wall_contact_without_release_comparison,unavailable; fixed-release baseline not executed
prediction_planner__differential_drive,classic_cross_trap_low,1002,collision,1.0,observed_wall_contact_without_release_comparison,unavailable; fixed-release baseline not executed
prediction_planner__differential_drive,classic_cross_trap_medium,1001,collision,1.0,observed_wall_contact_without_release_comparison,unavailable; fixed-release baseline not executed
prediction_planner__differential_drive,classic_cross_trap_medium,1002,collision,1.0,observed_wall_contact_without_release_comparison,unavailable; fixed-release baseline not executed
prediction_planner__differential_drive,classic_cross_trap_high,1001,collision,1.0,observed_wall_contact_without_release_comparison,unavailable; fixed-release baseline not executed
prediction_planner__differential_drive,classic_cross_trap_high,1002,collision,1.0,observed_wall_contact_without_release_comparison,unavailable; fixed-release baseline not executed
prediction_planner__differential_drive,classic_doorway_low,1002,collision,1.0,observed_wall_contact_without_release_comparison,unavailable; fixed-release baseline not executed
prediction_planner__differential_drive,classic_doorway_medium,1002,collision,1.0,declared_infeasible_probe_contact_without_release_comparison,unavailable; fixed-release baseline not executed
prediction_planner__differential_drive,classic_doorway_high,1002,collision,1.0,observed_wall_contact_without_release_comparison,unavailable; fixed-release baseline not executed
prediction_planner__differential_drive,classic_overtaking_low,1001,collision,1.0,observed_wall_contact_without_release_comparison,unavailable; fixed-release baseline not executed
prediction_planner__differential_drive,classic_overtaking_low,1002,collision,1.0,observed_wall_contact_without_release_comparison,unavailable; fixed-release baseline not executed
prediction_planner__differential_drive,classic_overtaking_medium,1001,collision,1.0,observed_wall_contact_without_release_comparison,unavailable; fixed-release baseline not executed
prediction_planner__differential_drive,classic_overtaking_medium,1002,collision,1.0,observed_wall_contact_without_release_comparison,unavailable; fixed-release baseline not executed
prediction_planner__differential_drive,classic_t_intersection_low,1002,collision,1.0,observed_wall_contact_without_release_comparison,unavailable; fixed-release baseline not executed
prediction_planner__differential_drive,classic_t_intersection_medium,1002,collision,1.0,observed_wall_contact_without_release_comparison,unavailable; fixed-release baseline not executed
prediction_planner__differential_drive,francis2023_narrow_doorway,1001,collision,1.0,observed_wall_contact_without_release_comparison,unavailable; fixed-release baseline not executed
prediction_planner__differential_drive,francis2023_narrow_doorway,1002,collision,1.0,observed_wall_contact_without_release_comparison,unavailable; fixed-release baseline not executed
