scenario,seed,population,base_initial_sizes,fixed_initial_sizes,base_initial_grouped_fraction,fixed_initial_grouped_fraction,base_40s_sizes,fixed_40s_sizes,join_completed_at_s
classic_bottleneck_low,1001,0,{},{},0.0,0.0,{},{},
classic_bottleneck_low,1002,0,{},{},0.0,0.0,{},{},
classic_bottleneck_low,1003,0,{},{},0.0,0.0,{},{},
classic_bottleneck_medium,1001,1,"{""1"": 1}","{""1"": 1}",0.0,0.0,{},{},
classic_bottleneck_medium,1002,1,"{""1"": 1}","{""1"": 1}",0.0,0.0,{},{},
classic_bottleneck_medium,1003,1,"{""1"": 1}","{""1"": 1}",0.0,0.0,{},{},
classic_bottleneck_high,1001,3,"{""1"": 3}","{""1"": 3}",0.0,0.0,{},{},
classic_bottleneck_high,1002,3,"{""1"": 3}","{""1"": 3}",0.0,0.0,{},{},
classic_bottleneck_high,1003,3,"{""1"": 3}","{""1"": 3}",0.0,0.0,{},{},
classic_realworld_double_bottleneck_high,1001,8,"{""1"": 8}","{""1"": 8}",0.0,0.0,{},{},
classic_realworld_double_bottleneck_high,1002,8,"{""1"": 8}","{""1"": 8}",0.0,0.0,{},{},
classic_realworld_double_bottleneck_high,1003,8,"{""1"": 8}","{""1"": 8}",0.0,0.0,{},{},
classic_station_platform_medium,1001,27,"{""1"": 19, ""2"": 4}","{""1"": 19, ""2"": 4}",0.2962962962962963,0.2962962962962963,{},{},
classic_station_platform_medium,1002,27,"{""1"": 16, ""2"": 1, ""3"": 3}","{""1"": 16, ""2"": 1, ""3"": 3}",0.4074074074074074,0.4074074074074074,{},{},
classic_station_platform_medium,1003,27,"{""1"": 16, ""2"": 4, ""3"": 1}","{""1"": 16, ""2"": 4, ""3"": 1}",0.4074074074074074,0.4074074074074074,{},{},
classic_cross_trap_low,1001,3,"{""1"": 3}","{""1"": 3}",0.0,0.0,{},{},
classic_cross_trap_low,1002,3,"{""1"": 1, ""2"": 1}","{""1"": 1, ""2"": 1}",0.6666666666666666,0.6666666666666666,{},{},
classic_cross_trap_low,1003,3,"{""1"": 3}","{""1"": 3}",0.0,0.0,{},{},
classic_cross_trap_medium,1001,8,"{""1"": 4, ""2"": 2}","{""1"": 4, ""2"": 2}",0.5,0.5,{},{},
classic_cross_trap_medium,1002,8,"{""1"": 3, ""2"": 1, ""3"": 1}","{""1"": 3, ""2"": 1, ""3"": 1}",0.625,0.625,{},{},
classic_cross_trap_medium,1003,8,"{""1"": 4, ""2"": 2}","{""1"": 4, ""2"": 2}",0.5,0.5,{},{},
classic_cross_trap_high,1001,12,"{""1"": 6, ""2"": 3}","{""1"": 6, ""2"": 3}",0.5,0.5,{},{},
classic_cross_trap_high,1002,12,"{""1"": 4, ""2"": 1, ""3"": 2}","{""1"": 4, ""2"": 1, ""3"": 2}",0.6666666666666666,0.6666666666666666,{},{},
classic_cross_trap_high,1003,12,"{""1"": 8, ""2"": 2}","{""1"": 8, ""2"": 2}",0.3333333333333333,0.3333333333333333,{},{},
classic_doorway_low,1001,3,"{""1"": 3}","{""1"": 3}",0.0,0.0,{},{},
classic_doorway_low,1002,3,"{""1"": 3}","{""1"": 3}",0.0,0.0,{},{},
classic_doorway_low,1003,3,"{""1"": 3}","{""1"": 3}",0.0,0.0,{},{},
classic_doorway_medium,1001,6,"{""1"": 6}","{""1"": 6}",0.0,0.0,{},{},
classic_doorway_medium,1002,6,"{""1"": 6}","{""1"": 6}",0.0,0.0,{},{},
classic_doorway_medium,1003,6,"{""1"": 6}","{""1"": 6}",0.0,0.0,{},{},
classic_doorway_high,1001,9,"{""1"": 9}","{""1"": 9}",0.0,0.0,{},{},
classic_doorway_high,1002,9,"{""1"": 9}","{""1"": 9}",0.0,0.0,{},{},
classic_doorway_high,1003,9,"{""1"": 9}","{""1"": 9}",0.0,0.0,{},{},
classic_group_crossing_low,1001,2,"{""1"": 2}","{""1"": 2}",0.0,0.0,{},{},
classic_group_crossing_low,1002,2,"{""1"": 2}","{""1"": 2}",0.0,0.0,{},{},
classic_group_crossing_low,1003,2,"{""1"": 2}","{""1"": 2}",0.0,0.0,{},{},
classic_group_crossing_medium,1001,3,"{""1"": 3}","{""1"": 3}",0.0,0.0,{},{},
classic_group_crossing_medium,1002,3,"{""1"": 1, ""2"": 1}","{""1"": 1, ""2"": 1}",0.6666666666666666,0.6666666666666666,{},{},
classic_group_crossing_medium,1003,3,"{""1"": 3}","{""1"": 3}",0.0,0.0,{},{},
classic_group_crossing_high,1001,4,"{""1"": 2, ""2"": 1}","{""1"": 2, ""2"": 1}",0.5,0.5,{},{},
classic_group_crossing_high,1002,4,"{""1"": 2, ""2"": 1}","{""1"": 2, ""2"": 1}",0.5,0.5,{},{},
classic_group_crossing_high,1003,4,"{""1"": 4}","{""1"": 4}",0.0,0.0,{},{},
classic_head_on_corridor_low,1001,2,"{""1"": 2}","{""1"": 2}",0.0,0.0,{},{},
classic_head_on_corridor_low,1002,2,"{""1"": 2}","{""1"": 2}",0.0,0.0,{},{},
classic_head_on_corridor_low,1003,2,"{""1"": 2}","{""1"": 2}",0.0,0.0,{},{},
classic_head_on_corridor_medium,1001,4,"{""1"": 2, ""2"": 1}","{""1"": 2, ""2"": 1}",0.5,0.5,{},{},
classic_head_on_corridor_medium,1002,4,"{""1"": 2, ""2"": 1}","{""1"": 2, ""2"": 1}",0.5,0.5,{},{},
classic_head_on_corridor_medium,1003,4,"{""1"": 4}","{""1"": 4}",0.0,0.0,{},{},
classic_merging_low,1001,4,"{""1"": 2, ""2"": 1}","{""1"": 2, ""2"": 1}",0.5,0.5,{},{},
classic_merging_low,1002,4,"{""1"": 2, ""2"": 1}","{""1"": 2, ""2"": 1}",0.5,0.5,{},{},
classic_merging_low,1003,4,"{""1"": 4}","{""1"": 4}",0.0,0.0,{},{},
classic_merging_medium,1001,9,"{""1"": 5, ""2"": 2}","{""1"": 5, ""2"": 2}",0.4444444444444444,0.4444444444444444,{},{},
classic_merging_medium,1002,9,"{""1"": 4, ""2"": 1, ""3"": 1}","{""1"": 4, ""2"": 1, ""3"": 1}",0.5555555555555556,0.5555555555555556,{},{},
classic_merging_medium,1003,9,"{""1"": 5, ""2"": 2}","{""1"": 5, ""2"": 2}",0.4444444444444444,0.4444444444444444,{},{},
classic_overtaking_low,1001,3,"{""1"": 3}","{""1"": 3}",0.0,0.0,{},{},
classic_overtaking_low,1002,3,"{""1"": 1, ""2"": 1}","{""1"": 1, ""2"": 1}",0.6666666666666666,0.6666666666666666,{},{},
classic_overtaking_low,1003,3,"{""1"": 3}","{""1"": 3}",0.0,0.0,{},{},
classic_overtaking_medium,1001,6,"{""1"": 4, ""2"": 1}","{""1"": 4, ""2"": 1}",0.3333333333333333,0.3333333333333333,{},{},
classic_overtaking_medium,1002,6,"{""1"": 4, ""2"": 1}","{""1"": 4, ""2"": 1}",0.3333333333333333,0.3333333333333333,{},{},
classic_overtaking_medium,1003,6,"{""1"": 4, ""2"": 1}","{""1"": 4, ""2"": 1}",0.3333333333333333,0.3333333333333333,{},{},
classic_t_intersection_low,1001,2,"{""1"": 2}","{""1"": 2}",0.0,0.0,{},{},
classic_t_intersection_low,1002,2,"{""1"": 2}","{""1"": 2}",0.0,0.0,{},{},
classic_t_intersection_low,1003,2,"{""1"": 2}","{""1"": 2}",0.0,0.0,{},{},
classic_t_intersection_medium,1001,3,"{""1"": 3}","{""1"": 3}",0.0,0.0,{},{},
classic_t_intersection_medium,1002,3,"{""1"": 1, ""2"": 1}","{""1"": 1, ""2"": 1}",0.6666666666666666,0.6666666666666666,{},{},
classic_t_intersection_medium,1003,3,"{""1"": 3}","{""1"": 3}",0.0,0.0,{},{},
classic_urban_crossing_medium,1001,5,"{""1"": 3, ""2"": 1}","{""1"": 3, ""2"": 1}",0.4,0.4,{},{},
classic_urban_crossing_medium,1002,5,"{""1"": 3, ""2"": 1}","{""1"": 3, ""2"": 1}",0.4,0.4,{},{},
classic_urban_crossing_medium,1003,5,"{""1"": 3, ""2"": 1}","{""1"": 3, ""2"": 1}",0.4,0.4,{},{},
francis2023_frontal_approach,1001,1,"{""1"": 1}","{""1"": 1}",0.0,0.0,{},{},
francis2023_frontal_approach,1002,1,"{""1"": 1}","{""1"": 1}",0.0,0.0,{},{},
francis2023_frontal_approach,1003,1,"{""1"": 1}","{""1"": 1}",0.0,0.0,{},{},
francis2023_pedestrian_obstruction,1001,1,"{""1"": 1}","{""1"": 1}",0.0,0.0,{},{},
francis2023_pedestrian_obstruction,1002,1,"{""1"": 1}","{""1"": 1}",0.0,0.0,{},{},
francis2023_pedestrian_obstruction,1003,1,"{""1"": 1}","{""1"": 1}",0.0,0.0,{},{},
francis2023_pedestrian_overtaking,1001,1,"{""1"": 1}","{""1"": 1}",0.0,0.0,{},{},
francis2023_pedestrian_overtaking,1002,1,"{""1"": 1}","{""1"": 1}",0.0,0.0,{},{},
francis2023_pedestrian_overtaking,1003,1,"{""1"": 1}","{""1"": 1}",0.0,0.0,{},{},
francis2023_robot_overtaking,1001,1,"{""1"": 1}","{""1"": 1}",0.0,0.0,{},{},
francis2023_robot_overtaking,1002,1,"{""1"": 1}","{""1"": 1}",0.0,0.0,{},{},
francis2023_robot_overtaking,1003,1,"{""1"": 1}","{""1"": 1}",0.0,0.0,{},{},
francis2023_down_path,1001,1,"{""1"": 1}","{""1"": 1}",0.0,0.0,{},{},
francis2023_down_path,1002,1,"{""1"": 1}","{""1"": 1}",0.0,0.0,{},{},
francis2023_down_path,1003,1,"{""1"": 1}","{""1"": 1}",0.0,0.0,{},{},
francis2023_intersection_no_gesture,1001,1,"{""1"": 1}","{""1"": 1}",0.0,0.0,{},{},
francis2023_intersection_no_gesture,1002,1,"{""1"": 1}","{""1"": 1}",0.0,0.0,{},{},
francis2023_intersection_no_gesture,1003,1,"{""1"": 1}","{""1"": 1}",0.0,0.0,{},{},
francis2023_blind_corner,1001,1,"{""1"": 1}","{""1"": 1}",0.0,0.0,{},{},
francis2023_blind_corner,1002,1,"{""1"": 1}","{""1"": 1}",0.0,0.0,{},{},
francis2023_blind_corner,1003,1,"{""1"": 1}","{""1"": 1}",0.0,0.0,{},{},
francis2023_narrow_hallway,1001,1,"{""1"": 1}","{""1"": 1}",0.0,0.0,{},{},
francis2023_narrow_hallway,1002,1,"{""1"": 1}","{""1"": 1}",0.0,0.0,{},{},
francis2023_narrow_hallway,1003,1,"{""1"": 1}","{""1"": 1}",0.0,0.0,{},{},
francis2023_narrow_doorway,1001,1,"{""1"": 1}","{""1"": 1}",0.0,0.0,{},{},
francis2023_narrow_doorway,1002,1,"{""1"": 1}","{""1"": 1}",0.0,0.0,{},{},
francis2023_narrow_doorway,1003,1,"{""1"": 1}","{""1"": 1}",0.0,0.0,{},{},
francis2023_entering_room,1001,1,"{""1"": 1}","{""1"": 1}",0.0,0.0,{},{},
francis2023_entering_room,1002,1,"{""1"": 1}","{""1"": 1}",0.0,0.0,{},{},
francis2023_entering_room,1003,1,"{""1"": 1}","{""1"": 1}",0.0,0.0,{},{},
francis2023_exiting_room,1001,1,"{""1"": 1}","{""1"": 1}",0.0,0.0,{},{},
francis2023_exiting_room,1002,1,"{""1"": 1}","{""1"": 1}",0.0,0.0,{},{},
francis2023_exiting_room,1003,1,"{""1"": 1}","{""1"": 1}",0.0,0.0,{},{},
francis2023_entering_elevator,1001,1,"{""1"": 1}","{""1"": 1}",0.0,0.0,{},{},
francis2023_entering_elevator,1002,1,"{""1"": 1}","{""1"": 1}",0.0,0.0,{},{},
francis2023_entering_elevator,1003,1,"{""1"": 1}","{""1"": 1}",0.0,0.0,{},{},
francis2023_exiting_elevator,1001,1,"{""1"": 1}","{""1"": 1}",0.0,0.0,{},{},
francis2023_exiting_elevator,1002,1,"{""1"": 1}","{""1"": 1}",0.0,0.0,{},{},
francis2023_exiting_elevator,1003,1,"{""1"": 1}","{""1"": 1}",0.0,0.0,{},{},
francis2023_intersection_wait,1001,1,"{""1"": 1}","{""1"": 1}",0.0,0.0,{},{},
francis2023_intersection_wait,1002,1,"{""1"": 1}","{""1"": 1}",0.0,0.0,{},{},
francis2023_intersection_wait,1003,1,"{""1"": 1}","{""1"": 1}",0.0,0.0,{},{},
francis2023_intersection_proceed,1001,1,"{""1"": 1}","{""1"": 1}",0.0,0.0,{},{},
francis2023_intersection_proceed,1002,1,"{""1"": 1}","{""1"": 1}",0.0,0.0,{},{},
francis2023_intersection_proceed,1003,1,"{""1"": 1}","{""1"": 1}",0.0,0.0,{},{},
francis2023_following_human,1001,1,"{""1"": 1}","{""1"": 1}",0.0,0.0,{},{},
francis2023_following_human,1002,1,"{""1"": 1}","{""1"": 1}",0.0,0.0,{},{},
francis2023_following_human,1003,1,"{""1"": 1}","{""1"": 1}",0.0,0.0,{},{},
francis2023_leading_human,1001,1,"{""1"": 1}","{""1"": 1}",0.0,0.0,{},{},
francis2023_leading_human,1002,1,"{""1"": 1}","{""1"": 1}",0.0,0.0,{},{},
francis2023_leading_human,1003,1,"{""1"": 1}","{""1"": 1}",0.0,0.0,{},{},
francis2023_accompanying_peer,1001,1,"{""1"": 1}","{""1"": 1}",0.0,0.0,{},{},
francis2023_accompanying_peer,1002,1,"{""1"": 1}","{""1"": 1}",0.0,0.0,{},{},
francis2023_accompanying_peer,1003,1,"{""1"": 1}","{""1"": 1}",0.0,0.0,{},{},
francis2023_join_group,1001,3,"{""1"": 3}","{""1"": 1, ""2"": 1}",0.0,0.6666666666666666,"{""1"": 3}","{""3"": 1}",12.700000000000001
francis2023_join_group,1002,3,"{""1"": 3}","{""1"": 1, ""2"": 1}",0.0,0.6666666666666666,"{""1"": 3}","{""3"": 1}",12.700000000000001
francis2023_join_group,1003,3,"{""1"": 3}","{""1"": 1, ""2"": 1}",0.0,0.6666666666666666,"{""1"": 3}","{""3"": 1}",12.600000000000001
francis2023_leave_group,1001,3,"{""1"": 3}","{""3"": 1}",0.0,1.0,"{""1"": 3}","{""1"": 1, ""2"": 1}",
francis2023_leave_group,1002,3,"{""1"": 3}","{""3"": 1}",0.0,1.0,"{""1"": 3}","{""1"": 1, ""2"": 1}",
francis2023_leave_group,1003,3,"{""1"": 3}","{""3"": 1}",0.0,1.0,"{""1"": 3}","{""1"": 1, ""2"": 1}",
francis2023_crowd_navigation,1001,9,"{""1"": 7, ""2"": 1}","{""1"": 7, ""2"": 1}",0.2222222222222222,0.2222222222222222,{},{},
francis2023_crowd_navigation,1002,9,"{""1"": 9}","{""1"": 9}",0.0,0.0,{},{},
francis2023_crowd_navigation,1003,9,"{""1"": 6, ""3"": 1}","{""1"": 6, ""3"": 1}",0.3333333333333333,0.3333333333333333,{},{},
francis2023_parallel_traffic,1001,8,"{""1"": 4, ""2"": 2}","{""1"": 4, ""2"": 2}",0.5,0.5,{},{},
francis2023_parallel_traffic,1002,8,"{""1"": 3, ""2"": 1, ""3"": 1}","{""1"": 3, ""2"": 1, ""3"": 1}",0.625,0.625,{},{},
francis2023_parallel_traffic,1003,8,"{""1"": 6, ""2"": 1}","{""1"": 6, ""2"": 1}",0.25,0.25,{},{},
francis2023_perpendicular_traffic,1001,7,"{""1"": 3, ""2"": 2}","{""1"": 3, ""2"": 2}",0.5714285714285714,0.5714285714285714,{},{},
francis2023_perpendicular_traffic,1002,7,"{""1"": 3, ""2"": 2}","{""1"": 3, ""2"": 2}",0.5714285714285714,0.5714285714285714,{},{},
francis2023_perpendicular_traffic,1003,7,"{""1"": 3, ""2"": 2}","{""1"": 3, ""2"": 2}",0.5714285714285714,0.5714285714285714,{},{},
francis2023_circular_crossing,1001,6,"{""1"": 4, ""2"": 1}","{""1"": 4, ""2"": 1}",0.3333333333333333,0.3333333333333333,{},{},
francis2023_circular_crossing,1002,6,"{""1"": 4, ""2"": 1}","{""1"": 4, ""2"": 1}",0.3333333333333333,0.3333333333333333,{},{},
francis2023_circular_crossing,1003,6,"{""1"": 4, ""2"": 1}","{""1"": 4, ""2"": 1}",0.3333333333333333,0.3333333333333333,{},{},
francis2023_robot_crowding,1001,24,"{""1"": 20, ""2"": 2}","{""1"": 20, ""2"": 2}",0.16666666666666666,0.16666666666666666,{},{},
francis2023_robot_crowding,1002,24,"{""1"": 18, ""2"": 3}","{""1"": 18, ""2"": 3}",0.25,0.25,{},{},
francis2023_robot_crowding,1003,24,"{""1"": 13, ""2"": 4, ""3"": 1}","{""1"": 13, ""2"": 4, ""3"": 1}",0.4583333333333333,0.4583333333333333,{},{},
