event_id,slot_id,arm,scenario,seed,event,mechanism_class,cause,pedestrian_chain_identical_trajectory,original_event_reproduced,baseline_scenarios_remove_event,baseline_planners_remove_event,baseline_both_removes_event,source_refs
S001:success_to_failure,S001,guarded_ppo,francis2023_crowd_navigation,1001,success_to_failure,b,baseline scenario/map/horizon alone removes event; baseline planner alone does not; pedestrian chain trace identical,True,True,True,False,False,"[{""commits"": [""d695891269df9c71445a3f968acd71d8a847c40c fix(maps): end goal-zone routes inside their zones; add matrix consistency gate (#9762) (#9815)""], ""surface"": ""maps/successor_svg_maps/issue_9762_francis2023_crowd_navigation_goal_zone_entry_v2.svg"", ""url"": ""https://github.com/ll7/robot_sf_ll7/blob/d90bf2436e24dea33198a8bbaf6bbf4342b0edac/maps/successor_svg_maps/issue_9762_francis2023_crowd_navigation_goal_zone_entry_v2.svg""}, {""commits"": [""cb16bc2ec7f3a7ee768b3271f8b85a1ac47681cd"", ""596f137147d68c89fa1e6025bed4d8103a0b2bb4"", ""d9680cafb8ed3cfb577663039a1872eae497cfd8""], ""surface"": ""authored scenario horizon / binding contract (within-class source bundle, not a unique line cause)"", ""url"": ""https://github.com/ll7/robot_sf_ll7/commit/cb16bc2ec7f3a7ee768b3271f8b85a1ac47681cd""}]"
S002:success_to_failure,S002,guarded_ppo,francis2023_crowd_navigation,1003,success_to_failure,b,baseline scenario/map/horizon alone removes event; baseline planner alone does not; pedestrian chain trace identical,True,True,True,False,False,"[{""commits"": [""d695891269df9c71445a3f968acd71d8a847c40c fix(maps): end goal-zone routes inside their zones; add matrix consistency gate (#9762) (#9815)""], ""surface"": ""maps/successor_svg_maps/issue_9762_francis2023_crowd_navigation_goal_zone_entry_v2.svg"", ""url"": ""https://github.com/ll7/robot_sf_ll7/blob/d90bf2436e24dea33198a8bbaf6bbf4342b0edac/maps/successor_svg_maps/issue_9762_francis2023_crowd_navigation_goal_zone_entry_v2.svg""}, {""commits"": [""cb16bc2ec7f3a7ee768b3271f8b85a1ac47681cd"", ""596f137147d68c89fa1e6025bed4d8103a0b2bb4"", ""d9680cafb8ed3cfb577663039a1872eae497cfd8""], ""surface"": ""authored scenario horizon / binding contract (within-class source bundle, not a unique line cause)"", ""url"": ""https://github.com/ll7/robot_sf_ll7/commit/cb16bc2ec7f3a7ee768b3271f8b85a1ac47681cd""}]"
S003:success_to_failure,S003,guarded_ppo,francis2023_pedestrian_overtaking,1001,success_to_failure,b,baseline scenario/map/horizon alone removes event; baseline planner alone does not; pedestrian chain trace identical,True,True,True,False,True,"[{""commits"": [""f63f3a6e8522a5b037e56d5f38d673b365cfb67b fix: author overtaking horizon and disclose guarded PPO envelope"", ""9a5f187cf7f3da330edb57c90281d769721b67d8 Retreat pedestrian parking behind the robot final approach"", ""b7473db1fed2e0a3ae35a9cc8f016cda7c1e573f Move parked overtaking pedestrian beyond final-approach perception range"", ""697f5af7b7ac800b43dedfb79dc0374bdda8ff1e Protect the pedestrian parking circle from walls and clarify passing offsets"", ""e8dad6b0610a81d6052511c8c2a18eecad6bcfb9 Give the overtaking pedestrian an upper exit clear of wall repulsion"", ""d9e8eb7dae3805f19e4d4185900f882f0991e09e Clear the whole pedestrian parking region from the final robot leg"", ""0c3139cfcb8bf2977608ac630b433aa5cadf6b65 fix: clear overtaking goal with a straight pedestrian exit"", ""3ebc01c7f92bb93b71c8d10fed63964224f2f479 fix(scenarios): retain corridor and turn overtaker off final approach""], ""surface"": ""maps/successor_svg_maps/issue_10063_francis2023_ped_overtaking_safe_spawn_v1.svg"", ""url"": ""https://github.com/ll7/robot_sf_ll7/blob/d90bf2436e24dea33198a8bbaf6bbf4342b0edac/maps/successor_svg_maps/issue_10063_francis2023_ped_overtaking_safe_spawn_v1.svg""}, {""commits"": [""cb16bc2ec7f3a7ee768b3271f8b85a1ac47681cd"", ""596f137147d68c89fa1e6025bed4d8103a0b2bb4"", ""d9680cafb8ed3cfb577663039a1872eae497cfd8""], ""surface"": ""authored scenario horizon / binding contract (within-class source bundle, not a unique line cause)"", ""url"": ""https://github.com/ll7/robot_sf_ll7/commit/cb16bc2ec7f3a7ee768b3271f8b85a1ac47681cd""}]"
S004:success_to_failure,S004,guarded_ppo,francis2023_pedestrian_overtaking,1003,success_to_failure,b,baseline scenario/map/horizon alone removes event; baseline planner alone does not; pedestrian chain trace identical,True,True,True,False,True,"[{""commits"": [""f63f3a6e8522a5b037e56d5f38d673b365cfb67b fix: author overtaking horizon and disclose guarded PPO envelope"", ""9a5f187cf7f3da330edb57c90281d769721b67d8 Retreat pedestrian parking behind the robot final approach"", ""b7473db1fed2e0a3ae35a9cc8f016cda7c1e573f Move parked overtaking pedestrian beyond final-approach perception range"", ""697f5af7b7ac800b43dedfb79dc0374bdda8ff1e Protect the pedestrian parking circle from walls and clarify passing offsets"", ""e8dad6b0610a81d6052511c8c2a18eecad6bcfb9 Give the overtaking pedestrian an upper exit clear of wall repulsion"", ""d9e8eb7dae3805f19e4d4185900f882f0991e09e Clear the whole pedestrian parking region from the final robot leg"", ""0c3139cfcb8bf2977608ac630b433aa5cadf6b65 fix: clear overtaking goal with a straight pedestrian exit"", ""3ebc01c7f92bb93b71c8d10fed63964224f2f479 fix(scenarios): retain corridor and turn overtaker off final approach""], ""surface"": ""maps/successor_svg_maps/issue_10063_francis2023_ped_overtaking_safe_spawn_v1.svg"", ""url"": ""https://github.com/ll7/robot_sf_ll7/blob/d90bf2436e24dea33198a8bbaf6bbf4342b0edac/maps/successor_svg_maps/issue_10063_francis2023_ped_overtaking_safe_spawn_v1.svg""}, {""commits"": [""cb16bc2ec7f3a7ee768b3271f8b85a1ac47681cd"", ""596f137147d68c89fa1e6025bed4d8103a0b2bb4"", ""d9680cafb8ed3cfb577663039a1872eae497cfd8""], ""surface"": ""authored scenario horizon / binding contract (within-class source bundle, not a unique line cause)"", ""url"": ""https://github.com/ll7/robot_sf_ll7/commit/cb16bc2ec7f3a7ee768b3271f8b85a1ac47681cd""}]"
S005:success_to_failure,S005,hybrid_rule_v4_fast_progress_static_escape,francis2023_accompanying_peer,1002,success_to_failure,c,baseline planner/profile alone removes event; baseline scenario/map/horizon alone does not; pedestrian chain trace identical,True,True,False,True,True,"[{""commit"": ""5c27a404beb51f8b0207f726dcef49b143364d99"", ""surface"": ""historical v3 -> selected v4 frozen planner-profile replacement (#9932); within-class profile bundle, not unique line cause"", ""url"": ""https://github.com/ll7/robot_sf_ll7/commit/5c27a404beb51f8b0207f726dcef49b143364d99""}]"
S006:success_to_failure,S006,hybrid_rule_v4_fast_progress_static_escape,francis2023_down_path,1002,success_to_failure,c,baseline planner/profile alone removes event; baseline scenario/map/horizon alone does not; pedestrian chain trace identical,True,True,False,True,True,"[{""commit"": ""5c27a404beb51f8b0207f726dcef49b143364d99"", ""surface"": ""historical v3 -> selected v4 frozen planner-profile replacement (#9932); within-class profile bundle, not unique line cause"", ""url"": ""https://github.com/ll7/robot_sf_ll7/commit/5c27a404beb51f8b0207f726dcef49b143364d99""}]"
S007:success_to_failure,S007,hybrid_rule_v4_fast_progress_static_escape,francis2023_entering_room,1002,success_to_failure,unexplained,"both one-axis interventions remove event; multiple sufficient explanations, no unique class",True,True,True,True,True,[]
S008:success_to_failure,S008,hybrid_rule_v4_fast_progress_static_escape,francis2023_following_human,1002,success_to_failure,c,baseline planner/profile alone removes event; baseline scenario/map/horizon alone does not; pedestrian chain trace identical,True,True,False,True,True,"[{""commit"": ""5c27a404beb51f8b0207f726dcef49b143364d99"", ""surface"": ""historical v3 -> selected v4 frozen planner-profile replacement (#9932); within-class profile bundle, not unique line cause"", ""url"": ""https://github.com/ll7/robot_sf_ll7/commit/5c27a404beb51f8b0207f726dcef49b143364d99""}]"
S009:success_to_failure,S009,hybrid_rule_v4_fast_progress_static_escape,francis2023_leading_human,1002,success_to_failure,c,baseline planner/profile alone removes event; baseline scenario/map/horizon alone does not; pedestrian chain trace identical,True,True,False,True,True,"[{""commit"": ""5c27a404beb51f8b0207f726dcef49b143364d99"", ""surface"": ""historical v3 -> selected v4 frozen planner-profile replacement (#9932); within-class profile bundle, not unique line cause"", ""url"": ""https://github.com/ll7/robot_sf_ll7/commit/5c27a404beb51f8b0207f726dcef49b143364d99""}]"
S010:success_to_failure,S010,hybrid_rule_v4_fast_progress_static_escape,francis2023_narrow_hallway,1002,success_to_failure,c,baseline planner/profile alone removes event; baseline scenario/map/horizon alone does not; pedestrian chain trace identical,True,True,False,True,True,"[{""commit"": ""5c27a404beb51f8b0207f726dcef49b143364d99"", ""surface"": ""historical v3 -> selected v4 frozen planner-profile replacement (#9932); within-class profile bundle, not unique line cause"", ""url"": ""https://github.com/ll7/robot_sf_ll7/commit/5c27a404beb51f8b0207f726dcef49b143364d99""}]"
S011:success_to_failure,S011,hybrid_rule_v4_fast_progress_static_escape,francis2023_pedestrian_overtaking,1002,success_to_failure,c,baseline planner/profile alone removes event; baseline scenario/map/horizon alone does not; pedestrian chain trace identical,True,True,False,True,True,"[{""commit"": ""5c27a404beb51f8b0207f726dcef49b143364d99"", ""surface"": ""historical v3 -> selected v4 frozen planner-profile replacement (#9932); within-class profile bundle, not unique line cause"", ""url"": ""https://github.com/ll7/robot_sf_ll7/commit/5c27a404beb51f8b0207f726dcef49b143364d99""}]"
S012:success_to_failure,S012,hybrid_rule_v4_fast_progress_static_escape_continuous,francis2023_accompanying_peer,1002,success_to_failure,c,baseline planner/profile alone removes event; baseline scenario/map/horizon alone does not; pedestrian chain trace identical,True,True,False,True,True,"[{""commit"": ""5c27a404beb51f8b0207f726dcef49b143364d99"", ""surface"": ""historical v3 -> selected v4 frozen planner-profile replacement (#9932); within-class profile bundle, not unique line cause"", ""url"": ""https://github.com/ll7/robot_sf_ll7/commit/5c27a404beb51f8b0207f726dcef49b143364d99""}]"
S013:success_to_failure,S013,hybrid_rule_v4_fast_progress_static_escape_continuous,francis2023_down_path,1002,success_to_failure,c,baseline planner/profile alone removes event; baseline scenario/map/horizon alone does not; pedestrian chain trace identical,True,True,False,True,True,"[{""commit"": ""5c27a404beb51f8b0207f726dcef49b143364d99"", ""surface"": ""historical v3 -> selected v4 frozen planner-profile replacement (#9932); within-class profile bundle, not unique line cause"", ""url"": ""https://github.com/ll7/robot_sf_ll7/commit/5c27a404beb51f8b0207f726dcef49b143364d99""}]"
S014:success_to_failure,S014,hybrid_rule_v4_fast_progress_static_escape_continuous,francis2023_entering_room,1002,success_to_failure,unexplained,"both one-axis interventions remove event; multiple sufficient explanations, no unique class",True,True,True,True,True,[]
S015:success_to_failure,S015,hybrid_rule_v4_fast_progress_static_escape_continuous,francis2023_following_human,1002,success_to_failure,c,baseline planner/profile alone removes event; baseline scenario/map/horizon alone does not; pedestrian chain trace identical,True,True,False,True,True,"[{""commit"": ""5c27a404beb51f8b0207f726dcef49b143364d99"", ""surface"": ""historical v3 -> selected v4 frozen planner-profile replacement (#9932); within-class profile bundle, not unique line cause"", ""url"": ""https://github.com/ll7/robot_sf_ll7/commit/5c27a404beb51f8b0207f726dcef49b143364d99""}]"
S016:success_to_failure,S016,hybrid_rule_v4_fast_progress_static_escape_continuous,francis2023_frontal_approach,1002,success_to_failure,c,baseline planner/profile alone removes event; baseline scenario/map/horizon alone does not; pedestrian chain trace identical,True,True,False,True,True,"[{""commit"": ""5c27a404beb51f8b0207f726dcef49b143364d99"", ""surface"": ""historical v3 -> selected v4 frozen planner-profile replacement (#9932); within-class profile bundle, not unique line cause"", ""url"": ""https://github.com/ll7/robot_sf_ll7/commit/5c27a404beb51f8b0207f726dcef49b143364d99""}]"
S017:success_to_failure,S017,hybrid_rule_v4_fast_progress_static_escape_continuous,francis2023_leading_human,1002,success_to_failure,c,baseline planner/profile alone removes event; baseline scenario/map/horizon alone does not; pedestrian chain trace identical,True,True,False,True,True,"[{""commit"": ""5c27a404beb51f8b0207f726dcef49b143364d99"", ""surface"": ""historical v3 -> selected v4 frozen planner-profile replacement (#9932); within-class profile bundle, not unique line cause"", ""url"": ""https://github.com/ll7/robot_sf_ll7/commit/5c27a404beb51f8b0207f726dcef49b143364d99""}]"
S018:success_to_failure,S018,hybrid_rule_v4_fast_progress_static_escape_continuous,francis2023_parallel_traffic,1002,success_to_failure,c,baseline planner/profile alone removes event; baseline scenario/map/horizon alone does not; pedestrian chain trace identical,True,True,False,True,True,"[{""commit"": ""5c27a404beb51f8b0207f726dcef49b143364d99"", ""surface"": ""historical v3 -> selected v4 frozen planner-profile replacement (#9932); within-class profile bundle, not unique line cause"", ""url"": ""https://github.com/ll7/robot_sf_ll7/commit/5c27a404beb51f8b0207f726dcef49b143364d99""}]"
S019:success_to_failure,S019,hybrid_rule_v4_fast_progress_static_escape_continuous,francis2023_pedestrian_obstruction,1002,success_to_failure,c,baseline planner/profile alone removes event; baseline scenario/map/horizon alone does not; pedestrian chain trace identical,True,True,False,True,True,"[{""commit"": ""5c27a404beb51f8b0207f726dcef49b143364d99"", ""surface"": ""historical v3 -> selected v4 frozen planner-profile replacement (#9932); within-class profile bundle, not unique line cause"", ""url"": ""https://github.com/ll7/robot_sf_ll7/commit/5c27a404beb51f8b0207f726dcef49b143364d99""}]"
S020:success_to_failure,S020,hybrid_rule_v4_fast_progress_static_escape_continuous,francis2023_pedestrian_overtaking,1002,success_to_failure,c,baseline planner/profile alone removes event; baseline scenario/map/horizon alone does not; pedestrian chain trace identical,True,True,False,True,True,"[{""commit"": ""5c27a404beb51f8b0207f726dcef49b143364d99"", ""surface"": ""historical v3 -> selected v4 frozen planner-profile replacement (#9932); within-class profile bundle, not unique line cause"", ""url"": ""https://github.com/ll7/robot_sf_ll7/commit/5c27a404beb51f8b0207f726dcef49b143364d99""}]"
S021:success_to_failure,S021,hybrid_rule_v4_fast_progress_static_escape_continuous,francis2023_robot_overtaking,1002,success_to_failure,c,baseline planner/profile alone removes event; baseline scenario/map/horizon alone does not; pedestrian chain trace identical,True,True,False,True,True,"[{""commit"": ""5c27a404beb51f8b0207f726dcef49b143364d99"", ""surface"": ""historical v3 -> selected v4 frozen planner-profile replacement (#9932); within-class profile bundle, not unique line cause"", ""url"": ""https://github.com/ll7/robot_sf_ll7/commit/5c27a404beb51f8b0207f726dcef49b143364d99""}]"
S022:success_to_failure,S022,ppo,classic_cross_trap_high,1001,success_to_failure,unexplained,"historical rectangle pair with absolute PPO succeeds on both sides; PPO-adapter pair with triangle sampler also succeeds on both sides; current baseline-input/profile runtime collides. Sampler/action-adapter interaction is a candidate across differing source histories, not an isolated single-class explanation",True,True,False,False,False,[]
S022:new_collision,S022,ppo,classic_cross_trap_high,1001,new_collision,unexplained,"historical rectangle pair with absolute PPO succeeds on both sides; PPO-adapter pair with triangle sampler also succeeds on both sides; current baseline-input/profile runtime collides. Sampler/action-adapter interaction is a candidate across differing source histories, not an isolated single-class explanation",True,True,False,False,False,[]
S023:success_to_failure,S023,ppo,classic_cross_trap_low,1001,success_to_failure,unexplained,"historical rectangle pair with absolute PPO succeeds on both sides; PPO-adapter pair with triangle sampler also succeeds on both sides; current baseline-input/profile runtime collides. Sampler/action-adapter interaction is a candidate across differing source histories, not an isolated single-class explanation",True,True,False,False,False,[]
S023:new_collision,S023,ppo,classic_cross_trap_low,1001,new_collision,unexplained,"historical rectangle pair with absolute PPO succeeds on both sides; PPO-adapter pair with triangle sampler also succeeds on both sides; current baseline-input/profile runtime collides. Sampler/action-adapter interaction is a candidate across differing source histories, not an isolated single-class explanation",True,True,False,False,False,[]
S024:success_to_failure,S024,ppo,classic_cross_trap_medium,1001,success_to_failure,unexplained,"historical rectangle pair with absolute PPO succeeds on both sides; PPO-adapter pair with triangle sampler also succeeds on both sides; current baseline-input/profile runtime collides. Sampler/action-adapter interaction is a candidate across differing source histories, not an isolated single-class explanation",True,True,False,False,False,[]
S024:new_collision,S024,ppo,classic_cross_trap_medium,1001,new_collision,unexplained,"historical rectangle pair with absolute PPO succeeds on both sides; PPO-adapter pair with triangle sampler also succeeds on both sides; current baseline-input/profile runtime collides. Sampler/action-adapter interaction is a candidate across differing source histories, not an isolated single-class explanation",True,True,False,False,False,[]
S025:new_collision,S025,ppo,classic_station_platform_medium,1003,new_collision,c,isolated adjacent source pair creates retained event at fixed baseline inputs/profiles: registry-bound PPO velocity-delta action adapter,True,True,False,False,False,"[{""commit"": ""c9102a9c81bb60cebb760b2bac94af695bc087a4"", ""surface"": ""registry-bound PPO velocity-delta action adapter"", ""url"": ""https://github.com/ll7/robot_sf_ll7/commit/c9102a9c81bb60cebb760b2bac94af695bc087a4""}]"
S026:success_to_failure,S026,ppo,francis2023_blind_corner,1001,success_to_failure,c,isolated adjacent source pair creates retained event at fixed baseline inputs/profiles: registry-bound PPO velocity-delta action adapter,True,True,False,False,False,"[{""commit"": ""c9102a9c81bb60cebb760b2bac94af695bc087a4"", ""surface"": ""registry-bound PPO velocity-delta action adapter"", ""url"": ""https://github.com/ll7/robot_sf_ll7/commit/c9102a9c81bb60cebb760b2bac94af695bc087a4""}]"
S026:new_collision,S026,ppo,francis2023_blind_corner,1001,new_collision,c,isolated adjacent source pair creates retained event at fixed baseline inputs/profiles: registry-bound PPO velocity-delta action adapter,True,True,False,False,False,"[{""commit"": ""c9102a9c81bb60cebb760b2bac94af695bc087a4"", ""surface"": ""registry-bound PPO velocity-delta action adapter"", ""url"": ""https://github.com/ll7/robot_sf_ll7/commit/c9102a9c81bb60cebb760b2bac94af695bc087a4""}]"
S027:success_to_failure,S027,ppo,francis2023_blind_corner,1003,success_to_failure,c,isolated adjacent source pair creates retained event at fixed baseline inputs/profiles: registry-bound PPO velocity-delta action adapter,True,True,False,False,False,"[{""commit"": ""c9102a9c81bb60cebb760b2bac94af695bc087a4"", ""surface"": ""registry-bound PPO velocity-delta action adapter"", ""url"": ""https://github.com/ll7/robot_sf_ll7/commit/c9102a9c81bb60cebb760b2bac94af695bc087a4""}]"
S027:new_collision,S027,ppo,francis2023_blind_corner,1003,new_collision,c,isolated adjacent source pair creates retained event at fixed baseline inputs/profiles: registry-bound PPO velocity-delta action adapter,True,True,False,False,False,"[{""commit"": ""c9102a9c81bb60cebb760b2bac94af695bc087a4"", ""surface"": ""registry-bound PPO velocity-delta action adapter"", ""url"": ""https://github.com/ll7/robot_sf_ll7/commit/c9102a9c81bb60cebb760b2bac94af695bc087a4""}]"
S028:success_to_failure,S028,ppo,francis2023_circular_crossing,1001,success_to_failure,c,baseline planner/profile alone removes event; baseline scenario/map/horizon alone does not; pedestrian chain trace identical,True,True,False,True,True,"[{""commit"": ""b258ff0635b8c9aefc8c88af68e9cc18dd27d90c"", ""surface"": ""release robot PPO checkpoint/profile selection (includes e60b35354ff03212a586f14aea14f478bd21c5f5 provenance binding); within-class profile bundle, not unique line cause"", ""url"": ""https://github.com/ll7/robot_sf_ll7/commit/b258ff0635b8c9aefc8c88af68e9cc18dd27d90c""}]"
S028:new_collision,S028,ppo,francis2023_circular_crossing,1001,new_collision,c,baseline planner/profile alone removes event; baseline scenario/map/horizon alone does not; pedestrian chain trace identical,True,True,False,True,True,"[{""commit"": ""b258ff0635b8c9aefc8c88af68e9cc18dd27d90c"", ""surface"": ""release robot PPO checkpoint/profile selection (includes e60b35354ff03212a586f14aea14f478bd21c5f5 provenance binding); within-class profile bundle, not unique line cause"", ""url"": ""https://github.com/ll7/robot_sf_ll7/commit/b258ff0635b8c9aefc8c88af68e9cc18dd27d90c""}]"
S029:success_to_failure,S029,ppo,francis2023_entering_room,1001,success_to_failure,c,baseline planner/profile alone removes event; baseline scenario/map/horizon alone does not; pedestrian chain trace identical,True,True,False,True,True,"[{""commit"": ""b258ff0635b8c9aefc8c88af68e9cc18dd27d90c"", ""surface"": ""release robot PPO checkpoint/profile selection (includes e60b35354ff03212a586f14aea14f478bd21c5f5 provenance binding); within-class profile bundle, not unique line cause"", ""url"": ""https://github.com/ll7/robot_sf_ll7/commit/b258ff0635b8c9aefc8c88af68e9cc18dd27d90c""}]"
S029:new_collision,S029,ppo,francis2023_entering_room,1001,new_collision,c,baseline planner/profile alone removes event; baseline scenario/map/horizon alone does not; pedestrian chain trace identical,True,True,False,True,True,"[{""commit"": ""b258ff0635b8c9aefc8c88af68e9cc18dd27d90c"", ""surface"": ""release robot PPO checkpoint/profile selection (includes e60b35354ff03212a586f14aea14f478bd21c5f5 provenance binding); within-class profile bundle, not unique line cause"", ""url"": ""https://github.com/ll7/robot_sf_ll7/commit/b258ff0635b8c9aefc8c88af68e9cc18dd27d90c""}]"
S030:success_to_failure,S030,ppo,francis2023_entering_room,1002,success_to_failure,c,baseline planner/profile alone removes event; baseline scenario/map/horizon alone does not; pedestrian chain trace identical,True,True,False,True,True,"[{""commit"": ""b258ff0635b8c9aefc8c88af68e9cc18dd27d90c"", ""surface"": ""release robot PPO checkpoint/profile selection (includes e60b35354ff03212a586f14aea14f478bd21c5f5 provenance binding); within-class profile bundle, not unique line cause"", ""url"": ""https://github.com/ll7/robot_sf_ll7/commit/b258ff0635b8c9aefc8c88af68e9cc18dd27d90c""}]"
S030:new_collision,S030,ppo,francis2023_entering_room,1002,new_collision,c,baseline planner/profile alone removes event; baseline scenario/map/horizon alone does not; pedestrian chain trace identical,True,True,False,True,True,"[{""commit"": ""b258ff0635b8c9aefc8c88af68e9cc18dd27d90c"", ""surface"": ""release robot PPO checkpoint/profile selection (includes e60b35354ff03212a586f14aea14f478bd21c5f5 provenance binding); within-class profile bundle, not unique line cause"", ""url"": ""https://github.com/ll7/robot_sf_ll7/commit/b258ff0635b8c9aefc8c88af68e9cc18dd27d90c""}]"
S031:success_to_failure,S031,ppo,francis2023_exiting_room,1003,success_to_failure,c,isolated adjacent source pair creates retained event at fixed baseline inputs/profiles: registry-bound PPO velocity-delta action adapter,True,True,False,False,False,"[{""commit"": ""c9102a9c81bb60cebb760b2bac94af695bc087a4"", ""surface"": ""registry-bound PPO velocity-delta action adapter"", ""url"": ""https://github.com/ll7/robot_sf_ll7/commit/c9102a9c81bb60cebb760b2bac94af695bc087a4""}]"
S031:new_collision,S031,ppo,francis2023_exiting_room,1003,new_collision,c,isolated adjacent source pair creates retained event at fixed baseline inputs/profiles: registry-bound PPO velocity-delta action adapter,True,True,False,False,False,"[{""commit"": ""c9102a9c81bb60cebb760b2bac94af695bc087a4"", ""surface"": ""registry-bound PPO velocity-delta action adapter"", ""url"": ""https://github.com/ll7/robot_sf_ll7/commit/c9102a9c81bb60cebb760b2bac94af695bc087a4""}]"
S032:success_to_failure,S032,ppo,francis2023_join_group,1001,success_to_failure,c,baseline planner/profile alone removes event; baseline scenario/map/horizon alone does not; pedestrian chain trace identical,True,True,False,True,True,"[{""commit"": ""b258ff0635b8c9aefc8c88af68e9cc18dd27d90c"", ""surface"": ""release robot PPO checkpoint/profile selection (includes e60b35354ff03212a586f14aea14f478bd21c5f5 provenance binding); within-class profile bundle, not unique line cause"", ""url"": ""https://github.com/ll7/robot_sf_ll7/commit/b258ff0635b8c9aefc8c88af68e9cc18dd27d90c""}]"
S032:new_collision,S032,ppo,francis2023_join_group,1001,new_collision,c,baseline planner/profile alone removes event; baseline scenario/map/horizon alone does not; pedestrian chain trace identical,True,True,False,True,True,"[{""commit"": ""b258ff0635b8c9aefc8c88af68e9cc18dd27d90c"", ""surface"": ""release robot PPO checkpoint/profile selection (includes e60b35354ff03212a586f14aea14f478bd21c5f5 provenance binding); within-class profile bundle, not unique line cause"", ""url"": ""https://github.com/ll7/robot_sf_ll7/commit/b258ff0635b8c9aefc8c88af68e9cc18dd27d90c""}]"
S033:success_to_failure,S033,ppo,francis2023_leave_group,1001,success_to_failure,c,baseline planner/profile alone removes event; baseline scenario/map/horizon alone does not; pedestrian chain trace identical,True,True,False,True,True,"[{""commit"": ""b258ff0635b8c9aefc8c88af68e9cc18dd27d90c"", ""surface"": ""release robot PPO checkpoint/profile selection (includes e60b35354ff03212a586f14aea14f478bd21c5f5 provenance binding); within-class profile bundle, not unique line cause"", ""url"": ""https://github.com/ll7/robot_sf_ll7/commit/b258ff0635b8c9aefc8c88af68e9cc18dd27d90c""}]"
S033:new_collision,S033,ppo,francis2023_leave_group,1001,new_collision,c,baseline planner/profile alone removes event; baseline scenario/map/horizon alone does not; pedestrian chain trace identical,True,True,False,True,True,"[{""commit"": ""b258ff0635b8c9aefc8c88af68e9cc18dd27d90c"", ""surface"": ""release robot PPO checkpoint/profile selection (includes e60b35354ff03212a586f14aea14f478bd21c5f5 provenance binding); within-class profile bundle, not unique line cause"", ""url"": ""https://github.com/ll7/robot_sf_ll7/commit/b258ff0635b8c9aefc8c88af68e9cc18dd27d90c""}]"
S034:success_to_failure,S034,ppo,francis2023_robot_crowding,1001,success_to_failure,c,baseline planner/profile alone removes event; baseline scenario/map/horizon alone does not; pedestrian chain trace identical,True,True,False,True,True,"[{""commit"": ""b258ff0635b8c9aefc8c88af68e9cc18dd27d90c"", ""surface"": ""release robot PPO checkpoint/profile selection (includes e60b35354ff03212a586f14aea14f478bd21c5f5 provenance binding); within-class profile bundle, not unique line cause"", ""url"": ""https://github.com/ll7/robot_sf_ll7/commit/b258ff0635b8c9aefc8c88af68e9cc18dd27d90c""}]"
S034:new_collision,S034,ppo,francis2023_robot_crowding,1001,new_collision,c,baseline planner/profile alone removes event; baseline scenario/map/horizon alone does not; pedestrian chain trace identical,True,True,False,True,True,"[{""commit"": ""b258ff0635b8c9aefc8c88af68e9cc18dd27d90c"", ""surface"": ""release robot PPO checkpoint/profile selection (includes e60b35354ff03212a586f14aea14f478bd21c5f5 provenance binding); within-class profile bundle, not unique line cause"", ""url"": ""https://github.com/ll7/robot_sf_ll7/commit/b258ff0635b8c9aefc8c88af68e9cc18dd27d90c""}]"
S035:success_to_failure,S035,prediction_planner,classic_t_intersection_low,1003,success_to_failure,b,baseline scenario/map/horizon alone removes event; baseline planner alone does not; pedestrian chain trace identical,True,True,True,False,True,"[{""commits"": [""d695891269df9c71445a3f968acd71d8a847c40c fix(maps): end goal-zone routes inside their zones; add matrix consistency gate (#9762) (#9815)""], ""surface"": ""maps/successor_svg_maps/issue_9762_classic_t_intersection_goal_zone_entry_v2.svg"", ""url"": ""https://github.com/ll7/robot_sf_ll7/blob/d90bf2436e24dea33198a8bbaf6bbf4342b0edac/maps/successor_svg_maps/issue_9762_classic_t_intersection_goal_zone_entry_v2.svg""}, {""commits"": [""cb16bc2ec7f3a7ee768b3271f8b85a1ac47681cd"", ""596f137147d68c89fa1e6025bed4d8103a0b2bb4"", ""d9680cafb8ed3cfb577663039a1872eae497cfd8""], ""surface"": ""authored scenario horizon / binding contract (within-class source bundle, not a unique line cause)"", ""url"": ""https://github.com/ll7/robot_sf_ll7/commit/cb16bc2ec7f3a7ee768b3271f8b85a1ac47681cd""}]"
S035:new_collision,S035,prediction_planner,classic_t_intersection_low,1003,new_collision,b,baseline scenario/map/horizon alone removes event; baseline planner alone does not; pedestrian chain trace identical,True,True,True,False,True,"[{""commits"": [""d695891269df9c71445a3f968acd71d8a847c40c fix(maps): end goal-zone routes inside their zones; add matrix consistency gate (#9762) (#9815)""], ""surface"": ""maps/successor_svg_maps/issue_9762_classic_t_intersection_goal_zone_entry_v2.svg"", ""url"": ""https://github.com/ll7/robot_sf_ll7/blob/d90bf2436e24dea33198a8bbaf6bbf4342b0edac/maps/successor_svg_maps/issue_9762_classic_t_intersection_goal_zone_entry_v2.svg""}, {""commits"": [""cb16bc2ec7f3a7ee768b3271f8b85a1ac47681cd"", ""596f137147d68c89fa1e6025bed4d8103a0b2bb4"", ""d9680cafb8ed3cfb577663039a1872eae497cfd8""], ""surface"": ""authored scenario horizon / binding contract (within-class source bundle, not a unique line cause)"", ""url"": ""https://github.com/ll7/robot_sf_ll7/commit/cb16bc2ec7f3a7ee768b3271f8b85a1ac47681cd""}]"
S036:success_to_failure,S036,prediction_planner,classic_t_intersection_medium,1003,success_to_failure,b,baseline scenario/map/horizon alone removes event; baseline planner alone does not; pedestrian chain trace identical,True,True,True,False,True,"[{""commits"": [""d695891269df9c71445a3f968acd71d8a847c40c fix(maps): end goal-zone routes inside their zones; add matrix consistency gate (#9762) (#9815)""], ""surface"": ""maps/successor_svg_maps/issue_9762_classic_t_intersection_goal_zone_entry_v2.svg"", ""url"": ""https://github.com/ll7/robot_sf_ll7/blob/d90bf2436e24dea33198a8bbaf6bbf4342b0edac/maps/successor_svg_maps/issue_9762_classic_t_intersection_goal_zone_entry_v2.svg""}, {""commits"": [""cb16bc2ec7f3a7ee768b3271f8b85a1ac47681cd"", ""596f137147d68c89fa1e6025bed4d8103a0b2bb4"", ""d9680cafb8ed3cfb577663039a1872eae497cfd8""], ""surface"": ""authored scenario horizon / binding contract (within-class source bundle, not a unique line cause)"", ""url"": ""https://github.com/ll7/robot_sf_ll7/commit/cb16bc2ec7f3a7ee768b3271f8b85a1ac47681cd""}]"
S036:new_collision,S036,prediction_planner,classic_t_intersection_medium,1003,new_collision,b,baseline scenario/map/horizon alone removes event; baseline planner alone does not; pedestrian chain trace identical,True,True,True,False,True,"[{""commits"": [""d695891269df9c71445a3f968acd71d8a847c40c fix(maps): end goal-zone routes inside their zones; add matrix consistency gate (#9762) (#9815)""], ""surface"": ""maps/successor_svg_maps/issue_9762_classic_t_intersection_goal_zone_entry_v2.svg"", ""url"": ""https://github.com/ll7/robot_sf_ll7/blob/d90bf2436e24dea33198a8bbaf6bbf4342b0edac/maps/successor_svg_maps/issue_9762_classic_t_intersection_goal_zone_entry_v2.svg""}, {""commits"": [""cb16bc2ec7f3a7ee768b3271f8b85a1ac47681cd"", ""596f137147d68c89fa1e6025bed4d8103a0b2bb4"", ""d9680cafb8ed3cfb577663039a1872eae497cfd8""], ""surface"": ""authored scenario horizon / binding contract (within-class source bundle, not a unique line cause)"", ""url"": ""https://github.com/ll7/robot_sf_ll7/commit/cb16bc2ec7f3a7ee768b3271f8b85a1ac47681cd""}]"
S037:success_to_failure,S037,sacadrl,classic_head_on_corridor_low,1002,success_to_failure,b,baseline scenario/map/horizon alone removes event; baseline planner alone does not; pedestrian chain trace identical,True,True,True,False,True,"[{""commits"": [""d695891269df9c71445a3f968acd71d8a847c40c fix(maps): end goal-zone routes inside their zones; add matrix consistency gate (#9762) (#9815)""], ""surface"": ""maps/successor_svg_maps/issue_9762_classic_head_on_corridor_goal_zone_entry_v2.svg"", ""url"": ""https://github.com/ll7/robot_sf_ll7/blob/d90bf2436e24dea33198a8bbaf6bbf4342b0edac/maps/successor_svg_maps/issue_9762_classic_head_on_corridor_goal_zone_entry_v2.svg""}, {""commits"": [""cb16bc2ec7f3a7ee768b3271f8b85a1ac47681cd"", ""596f137147d68c89fa1e6025bed4d8103a0b2bb4"", ""d9680cafb8ed3cfb577663039a1872eae497cfd8""], ""surface"": ""authored scenario horizon / binding contract (within-class source bundle, not a unique line cause)"", ""url"": ""https://github.com/ll7/robot_sf_ll7/commit/cb16bc2ec7f3a7ee768b3271f8b85a1ac47681cd""}]"
S037:new_collision,S037,sacadrl,classic_head_on_corridor_low,1002,new_collision,b,baseline scenario/map/horizon alone removes event; baseline planner alone does not; pedestrian chain trace identical,True,True,True,False,True,"[{""commits"": [""d695891269df9c71445a3f968acd71d8a847c40c fix(maps): end goal-zone routes inside their zones; add matrix consistency gate (#9762) (#9815)""], ""surface"": ""maps/successor_svg_maps/issue_9762_classic_head_on_corridor_goal_zone_entry_v2.svg"", ""url"": ""https://github.com/ll7/robot_sf_ll7/blob/d90bf2436e24dea33198a8bbaf6bbf4342b0edac/maps/successor_svg_maps/issue_9762_classic_head_on_corridor_goal_zone_entry_v2.svg""}, {""commits"": [""cb16bc2ec7f3a7ee768b3271f8b85a1ac47681cd"", ""596f137147d68c89fa1e6025bed4d8103a0b2bb4"", ""d9680cafb8ed3cfb577663039a1872eae497cfd8""], ""surface"": ""authored scenario horizon / binding contract (within-class source bundle, not a unique line cause)"", ""url"": ""https://github.com/ll7/robot_sf_ll7/commit/cb16bc2ec7f3a7ee768b3271f8b85a1ac47681cd""}]"
S038:success_to_failure,S038,sacadrl,classic_head_on_corridor_low,1003,success_to_failure,b,baseline scenario/map/horizon alone removes event; baseline planner alone does not; pedestrian chain trace identical,True,True,True,False,True,"[{""commits"": [""d695891269df9c71445a3f968acd71d8a847c40c fix(maps): end goal-zone routes inside their zones; add matrix consistency gate (#9762) (#9815)""], ""surface"": ""maps/successor_svg_maps/issue_9762_classic_head_on_corridor_goal_zone_entry_v2.svg"", ""url"": ""https://github.com/ll7/robot_sf_ll7/blob/d90bf2436e24dea33198a8bbaf6bbf4342b0edac/maps/successor_svg_maps/issue_9762_classic_head_on_corridor_goal_zone_entry_v2.svg""}, {""commits"": [""cb16bc2ec7f3a7ee768b3271f8b85a1ac47681cd"", ""596f137147d68c89fa1e6025bed4d8103a0b2bb4"", ""d9680cafb8ed3cfb577663039a1872eae497cfd8""], ""surface"": ""authored scenario horizon / binding contract (within-class source bundle, not a unique line cause)"", ""url"": ""https://github.com/ll7/robot_sf_ll7/commit/cb16bc2ec7f3a7ee768b3271f8b85a1ac47681cd""}]"
S038:new_collision,S038,sacadrl,classic_head_on_corridor_low,1003,new_collision,b,baseline scenario/map/horizon alone removes event; baseline planner alone does not; pedestrian chain trace identical,True,True,True,False,True,"[{""commits"": [""d695891269df9c71445a3f968acd71d8a847c40c fix(maps): end goal-zone routes inside their zones; add matrix consistency gate (#9762) (#9815)""], ""surface"": ""maps/successor_svg_maps/issue_9762_classic_head_on_corridor_goal_zone_entry_v2.svg"", ""url"": ""https://github.com/ll7/robot_sf_ll7/blob/d90bf2436e24dea33198a8bbaf6bbf4342b0edac/maps/successor_svg_maps/issue_9762_classic_head_on_corridor_goal_zone_entry_v2.svg""}, {""commits"": [""cb16bc2ec7f3a7ee768b3271f8b85a1ac47681cd"", ""596f137147d68c89fa1e6025bed4d8103a0b2bb4"", ""d9680cafb8ed3cfb577663039a1872eae497cfd8""], ""surface"": ""authored scenario horizon / binding contract (within-class source bundle, not a unique line cause)"", ""url"": ""https://github.com/ll7/robot_sf_ll7/commit/cb16bc2ec7f3a7ee768b3271f8b85a1ac47681cd""}]"
S039:success_to_failure,S039,sacadrl,classic_head_on_corridor_medium,1002,success_to_failure,b,baseline scenario/map/horizon alone removes event; baseline planner alone does not; pedestrian chain trace identical,True,True,True,False,True,"[{""commits"": [""d695891269df9c71445a3f968acd71d8a847c40c fix(maps): end goal-zone routes inside their zones; add matrix consistency gate (#9762) (#9815)""], ""surface"": ""maps/successor_svg_maps/issue_9762_classic_head_on_corridor_goal_zone_entry_v2.svg"", ""url"": ""https://github.com/ll7/robot_sf_ll7/blob/d90bf2436e24dea33198a8bbaf6bbf4342b0edac/maps/successor_svg_maps/issue_9762_classic_head_on_corridor_goal_zone_entry_v2.svg""}, {""commits"": [""cb16bc2ec7f3a7ee768b3271f8b85a1ac47681cd"", ""596f137147d68c89fa1e6025bed4d8103a0b2bb4"", ""d9680cafb8ed3cfb577663039a1872eae497cfd8""], ""surface"": ""authored scenario horizon / binding contract (within-class source bundle, not a unique line cause)"", ""url"": ""https://github.com/ll7/robot_sf_ll7/commit/cb16bc2ec7f3a7ee768b3271f8b85a1ac47681cd""}]"
S039:new_collision,S039,sacadrl,classic_head_on_corridor_medium,1002,new_collision,b,baseline scenario/map/horizon alone removes event; baseline planner alone does not; pedestrian chain trace identical,True,True,True,False,True,"[{""commits"": [""d695891269df9c71445a3f968acd71d8a847c40c fix(maps): end goal-zone routes inside their zones; add matrix consistency gate (#9762) (#9815)""], ""surface"": ""maps/successor_svg_maps/issue_9762_classic_head_on_corridor_goal_zone_entry_v2.svg"", ""url"": ""https://github.com/ll7/robot_sf_ll7/blob/d90bf2436e24dea33198a8bbaf6bbf4342b0edac/maps/successor_svg_maps/issue_9762_classic_head_on_corridor_goal_zone_entry_v2.svg""}, {""commits"": [""cb16bc2ec7f3a7ee768b3271f8b85a1ac47681cd"", ""596f137147d68c89fa1e6025bed4d8103a0b2bb4"", ""d9680cafb8ed3cfb577663039a1872eae497cfd8""], ""surface"": ""authored scenario horizon / binding contract (within-class source bundle, not a unique line cause)"", ""url"": ""https://github.com/ll7/robot_sf_ll7/commit/cb16bc2ec7f3a7ee768b3271f8b85a1ac47681cd""}]"
S040:success_to_failure,S040,sacadrl,classic_head_on_corridor_medium,1003,success_to_failure,b,baseline scenario/map/horizon alone removes event; baseline planner alone does not; pedestrian chain trace identical,True,True,True,False,True,"[{""commits"": [""d695891269df9c71445a3f968acd71d8a847c40c fix(maps): end goal-zone routes inside their zones; add matrix consistency gate (#9762) (#9815)""], ""surface"": ""maps/successor_svg_maps/issue_9762_classic_head_on_corridor_goal_zone_entry_v2.svg"", ""url"": ""https://github.com/ll7/robot_sf_ll7/blob/d90bf2436e24dea33198a8bbaf6bbf4342b0edac/maps/successor_svg_maps/issue_9762_classic_head_on_corridor_goal_zone_entry_v2.svg""}, {""commits"": [""cb16bc2ec7f3a7ee768b3271f8b85a1ac47681cd"", ""596f137147d68c89fa1e6025bed4d8103a0b2bb4"", ""d9680cafb8ed3cfb577663039a1872eae497cfd8""], ""surface"": ""authored scenario horizon / binding contract (within-class source bundle, not a unique line cause)"", ""url"": ""https://github.com/ll7/robot_sf_ll7/commit/cb16bc2ec7f3a7ee768b3271f8b85a1ac47681cd""}]"
S040:new_collision,S040,sacadrl,classic_head_on_corridor_medium,1003,new_collision,b,baseline scenario/map/horizon alone removes event; baseline planner alone does not; pedestrian chain trace identical,True,True,True,False,True,"[{""commits"": [""d695891269df9c71445a3f968acd71d8a847c40c fix(maps): end goal-zone routes inside their zones; add matrix consistency gate (#9762) (#9815)""], ""surface"": ""maps/successor_svg_maps/issue_9762_classic_head_on_corridor_goal_zone_entry_v2.svg"", ""url"": ""https://github.com/ll7/robot_sf_ll7/blob/d90bf2436e24dea33198a8bbaf6bbf4342b0edac/maps/successor_svg_maps/issue_9762_classic_head_on_corridor_goal_zone_entry_v2.svg""}, {""commits"": [""cb16bc2ec7f3a7ee768b3271f8b85a1ac47681cd"", ""596f137147d68c89fa1e6025bed4d8103a0b2bb4"", ""d9680cafb8ed3cfb577663039a1872eae497cfd8""], ""surface"": ""authored scenario horizon / binding contract (within-class source bundle, not a unique line cause)"", ""url"": ""https://github.com/ll7/robot_sf_ll7/commit/cb16bc2ec7f3a7ee768b3271f8b85a1ac47681cd""}]"
S041:new_collision,S041,sacadrl,francis2023_blind_corner,1001,new_collision,b,baseline scenario/map/horizon alone removes event; baseline planner alone does not; pedestrian chain trace identical,True,True,True,False,True,"[{""commits"": [""d695891269df9c71445a3f968acd71d8a847c40c fix(maps): end goal-zone routes inside their zones; add matrix consistency gate (#9762) (#9815)""], ""surface"": ""maps/successor_svg_maps/issue_9762_francis2023_blind_corner_goal_zone_entry_v2.svg"", ""url"": ""https://github.com/ll7/robot_sf_ll7/blob/d90bf2436e24dea33198a8bbaf6bbf4342b0edac/maps/successor_svg_maps/issue_9762_francis2023_blind_corner_goal_zone_entry_v2.svg""}, {""commits"": [""cb16bc2ec7f3a7ee768b3271f8b85a1ac47681cd"", ""596f137147d68c89fa1e6025bed4d8103a0b2bb4"", ""d9680cafb8ed3cfb577663039a1872eae497cfd8""], ""surface"": ""authored scenario horizon / binding contract (within-class source bundle, not a unique line cause)"", ""url"": ""https://github.com/ll7/robot_sf_ll7/commit/cb16bc2ec7f3a7ee768b3271f8b85a1ac47681cd""}]"
S042:success_to_failure,S042,sacadrl,francis2023_intersection_no_gesture,1001,success_to_failure,b,isolated adjacent source pair creates retained event at fixed baseline inputs/profiles: robot start footprint-clearance sampling (#9739 / #9725),True,True,False,False,False,"[{""commit"": ""b8dccb9c9f9ddc1f1cc3bb980ee260f851a727b2"", ""surface"": ""robot start footprint-clearance sampling (#9739 / #9725)"", ""url"": ""https://github.com/ll7/robot_sf_ll7/commit/b8dccb9c9f9ddc1f1cc3bb980ee260f851a727b2""}]"
S042:new_collision,S042,sacadrl,francis2023_intersection_no_gesture,1001,new_collision,b,isolated adjacent source pair creates retained event at fixed baseline inputs/profiles: robot start footprint-clearance sampling (#9739 / #9725),True,True,False,False,False,"[{""commit"": ""b8dccb9c9f9ddc1f1cc3bb980ee260f851a727b2"", ""surface"": ""robot start footprint-clearance sampling (#9739 / #9725)"", ""url"": ""https://github.com/ll7/robot_sf_ll7/commit/b8dccb9c9f9ddc1f1cc3bb980ee260f851a727b2""}]"
S043:success_to_failure,S043,sacadrl,francis2023_intersection_no_gesture,1002,success_to_failure,b,baseline scenario/map/horizon alone removes event; baseline planner alone does not; pedestrian chain trace identical,True,True,True,False,True,"[{""commits"": [""d695891269df9c71445a3f968acd71d8a847c40c fix(maps): end goal-zone routes inside their zones; add matrix consistency gate (#9762) (#9815)""], ""surface"": ""maps/successor_svg_maps/issue_9762_francis2023_intersection_no_gesture_goal_zone_entry_v2.svg"", ""url"": ""https://github.com/ll7/robot_sf_ll7/blob/d90bf2436e24dea33198a8bbaf6bbf4342b0edac/maps/successor_svg_maps/issue_9762_francis2023_intersection_no_gesture_goal_zone_entry_v2.svg""}, {""commits"": [""cb16bc2ec7f3a7ee768b3271f8b85a1ac47681cd"", ""596f137147d68c89fa1e6025bed4d8103a0b2bb4"", ""d9680cafb8ed3cfb577663039a1872eae497cfd8""], ""surface"": ""authored scenario horizon / binding contract (within-class source bundle, not a unique line cause)"", ""url"": ""https://github.com/ll7/robot_sf_ll7/commit/cb16bc2ec7f3a7ee768b3271f8b85a1ac47681cd""}]"
S043:new_collision,S043,sacadrl,francis2023_intersection_no_gesture,1002,new_collision,b,baseline scenario/map/horizon alone removes event; baseline planner alone does not; pedestrian chain trace identical,True,True,True,False,True,"[{""commits"": [""d695891269df9c71445a3f968acd71d8a847c40c fix(maps): end goal-zone routes inside their zones; add matrix consistency gate (#9762) (#9815)""], ""surface"": ""maps/successor_svg_maps/issue_9762_francis2023_intersection_no_gesture_goal_zone_entry_v2.svg"", ""url"": ""https://github.com/ll7/robot_sf_ll7/blob/d90bf2436e24dea33198a8bbaf6bbf4342b0edac/maps/successor_svg_maps/issue_9762_francis2023_intersection_no_gesture_goal_zone_entry_v2.svg""}, {""commits"": [""cb16bc2ec7f3a7ee768b3271f8b85a1ac47681cd"", ""596f137147d68c89fa1e6025bed4d8103a0b2bb4"", ""d9680cafb8ed3cfb577663039a1872eae497cfd8""], ""surface"": ""authored scenario horizon / binding contract (within-class source bundle, not a unique line cause)"", ""url"": ""https://github.com/ll7/robot_sf_ll7/commit/cb16bc2ec7f3a7ee768b3271f8b85a1ac47681cd""}]"
S044:success_to_failure,S044,sacadrl,francis2023_intersection_proceed,1001,success_to_failure,b,isolated adjacent source pair creates retained event at fixed baseline inputs/profiles: robot start footprint-clearance sampling (#9739 / #9725),True,True,False,False,False,"[{""commit"": ""b8dccb9c9f9ddc1f1cc3bb980ee260f851a727b2"", ""surface"": ""robot start footprint-clearance sampling (#9739 / #9725)"", ""url"": ""https://github.com/ll7/robot_sf_ll7/commit/b8dccb9c9f9ddc1f1cc3bb980ee260f851a727b2""}]"
S044:new_collision,S044,sacadrl,francis2023_intersection_proceed,1001,new_collision,b,isolated adjacent source pair creates retained event at fixed baseline inputs/profiles: robot start footprint-clearance sampling (#9739 / #9725),True,True,False,False,False,"[{""commit"": ""b8dccb9c9f9ddc1f1cc3bb980ee260f851a727b2"", ""surface"": ""robot start footprint-clearance sampling (#9739 / #9725)"", ""url"": ""https://github.com/ll7/robot_sf_ll7/commit/b8dccb9c9f9ddc1f1cc3bb980ee260f851a727b2""}]"
S045:success_to_failure,S045,sacadrl,francis2023_intersection_proceed,1002,success_to_failure,b,baseline scenario/map/horizon alone removes event; baseline planner alone does not; pedestrian chain trace identical,True,True,True,False,True,"[{""commits"": [""d695891269df9c71445a3f968acd71d8a847c40c fix(maps): end goal-zone routes inside their zones; add matrix consistency gate (#9762) (#9815)""], ""surface"": ""maps/successor_svg_maps/issue_9762_francis2023_intersection_no_gesture_goal_zone_entry_v2.svg"", ""url"": ""https://github.com/ll7/robot_sf_ll7/blob/d90bf2436e24dea33198a8bbaf6bbf4342b0edac/maps/successor_svg_maps/issue_9762_francis2023_intersection_no_gesture_goal_zone_entry_v2.svg""}, {""commits"": [""cb16bc2ec7f3a7ee768b3271f8b85a1ac47681cd"", ""596f137147d68c89fa1e6025bed4d8103a0b2bb4"", ""d9680cafb8ed3cfb577663039a1872eae497cfd8""], ""surface"": ""authored scenario horizon / binding contract (within-class source bundle, not a unique line cause)"", ""url"": ""https://github.com/ll7/robot_sf_ll7/commit/cb16bc2ec7f3a7ee768b3271f8b85a1ac47681cd""}]"
S045:new_collision,S045,sacadrl,francis2023_intersection_proceed,1002,new_collision,b,baseline scenario/map/horizon alone removes event; baseline planner alone does not; pedestrian chain trace identical,True,True,True,False,True,"[{""commits"": [""d695891269df9c71445a3f968acd71d8a847c40c fix(maps): end goal-zone routes inside their zones; add matrix consistency gate (#9762) (#9815)""], ""surface"": ""maps/successor_svg_maps/issue_9762_francis2023_intersection_no_gesture_goal_zone_entry_v2.svg"", ""url"": ""https://github.com/ll7/robot_sf_ll7/blob/d90bf2436e24dea33198a8bbaf6bbf4342b0edac/maps/successor_svg_maps/issue_9762_francis2023_intersection_no_gesture_goal_zone_entry_v2.svg""}, {""commits"": [""cb16bc2ec7f3a7ee768b3271f8b85a1ac47681cd"", ""596f137147d68c89fa1e6025bed4d8103a0b2bb4"", ""d9680cafb8ed3cfb577663039a1872eae497cfd8""], ""surface"": ""authored scenario horizon / binding contract (within-class source bundle, not a unique line cause)"", ""url"": ""https://github.com/ll7/robot_sf_ll7/commit/cb16bc2ec7f3a7ee768b3271f8b85a1ac47681cd""}]"
S046:success_to_failure,S046,sacadrl,francis2023_intersection_wait,1001,success_to_failure,b,isolated adjacent source pair creates retained event at fixed baseline inputs/profiles: robot start footprint-clearance sampling (#9739 / #9725),True,True,False,False,False,"[{""commit"": ""b8dccb9c9f9ddc1f1cc3bb980ee260f851a727b2"", ""surface"": ""robot start footprint-clearance sampling (#9739 / #9725)"", ""url"": ""https://github.com/ll7/robot_sf_ll7/commit/b8dccb9c9f9ddc1f1cc3bb980ee260f851a727b2""}]"
S046:new_collision,S046,sacadrl,francis2023_intersection_wait,1001,new_collision,b,isolated adjacent source pair creates retained event at fixed baseline inputs/profiles: robot start footprint-clearance sampling (#9739 / #9725),True,True,False,False,False,"[{""commit"": ""b8dccb9c9f9ddc1f1cc3bb980ee260f851a727b2"", ""surface"": ""robot start footprint-clearance sampling (#9739 / #9725)"", ""url"": ""https://github.com/ll7/robot_sf_ll7/commit/b8dccb9c9f9ddc1f1cc3bb980ee260f851a727b2""}]"
S047:success_to_failure,S047,sacadrl,francis2023_intersection_wait,1002,success_to_failure,b,baseline scenario/map/horizon alone removes event; baseline planner alone does not; pedestrian chain trace identical,True,True,True,False,True,"[{""commits"": [""d695891269df9c71445a3f968acd71d8a847c40c fix(maps): end goal-zone routes inside their zones; add matrix consistency gate (#9762) (#9815)""], ""surface"": ""maps/successor_svg_maps/issue_9762_francis2023_intersection_no_gesture_goal_zone_entry_v2.svg"", ""url"": ""https://github.com/ll7/robot_sf_ll7/blob/d90bf2436e24dea33198a8bbaf6bbf4342b0edac/maps/successor_svg_maps/issue_9762_francis2023_intersection_no_gesture_goal_zone_entry_v2.svg""}, {""commits"": [""cb16bc2ec7f3a7ee768b3271f8b85a1ac47681cd"", ""596f137147d68c89fa1e6025bed4d8103a0b2bb4"", ""d9680cafb8ed3cfb577663039a1872eae497cfd8""], ""surface"": ""authored scenario horizon / binding contract (within-class source bundle, not a unique line cause)"", ""url"": ""https://github.com/ll7/robot_sf_ll7/commit/cb16bc2ec7f3a7ee768b3271f8b85a1ac47681cd""}]"
S047:new_collision,S047,sacadrl,francis2023_intersection_wait,1002,new_collision,b,baseline scenario/map/horizon alone removes event; baseline planner alone does not; pedestrian chain trace identical,True,True,True,False,True,"[{""commits"": [""d695891269df9c71445a3f968acd71d8a847c40c fix(maps): end goal-zone routes inside their zones; add matrix consistency gate (#9762) (#9815)""], ""surface"": ""maps/successor_svg_maps/issue_9762_francis2023_intersection_no_gesture_goal_zone_entry_v2.svg"", ""url"": ""https://github.com/ll7/robot_sf_ll7/blob/d90bf2436e24dea33198a8bbaf6bbf4342b0edac/maps/successor_svg_maps/issue_9762_francis2023_intersection_no_gesture_goal_zone_entry_v2.svg""}, {""commits"": [""cb16bc2ec7f3a7ee768b3271f8b85a1ac47681cd"", ""596f137147d68c89fa1e6025bed4d8103a0b2bb4"", ""d9680cafb8ed3cfb577663039a1872eae497cfd8""], ""surface"": ""authored scenario horizon / binding contract (within-class source bundle, not a unique line cause)"", ""url"": ""https://github.com/ll7/robot_sf_ll7/commit/cb16bc2ec7f3a7ee768b3271f8b85a1ac47681cd""}]"
S048:success_to_failure,S048,sacadrl,francis2023_narrow_hallway,1001,success_to_failure,b,isolated adjacent source pair creates retained event at fixed baseline inputs/profiles: robot start footprint-clearance sampling (#9739 / #9725),True,True,False,False,False,"[{""commit"": ""b8dccb9c9f9ddc1f1cc3bb980ee260f851a727b2"", ""surface"": ""robot start footprint-clearance sampling (#9739 / #9725)"", ""url"": ""https://github.com/ll7/robot_sf_ll7/commit/b8dccb9c9f9ddc1f1cc3bb980ee260f851a727b2""}]"
S048:new_collision,S048,sacadrl,francis2023_narrow_hallway,1001,new_collision,b,isolated adjacent source pair creates retained event at fixed baseline inputs/profiles: robot start footprint-clearance sampling (#9739 / #9725),True,True,False,False,False,"[{""commit"": ""b8dccb9c9f9ddc1f1cc3bb980ee260f851a727b2"", ""surface"": ""robot start footprint-clearance sampling (#9739 / #9725)"", ""url"": ""https://github.com/ll7/robot_sf_ll7/commit/b8dccb9c9f9ddc1f1cc3bb980ee260f851a727b2""}]"
S049:success_to_failure,S049,sacadrl,francis2023_narrow_hallway,1002,success_to_failure,b,baseline scenario/map/horizon alone removes event; baseline planner alone does not; pedestrian chain trace identical,True,True,True,False,True,"[{""commits"": [""d695891269df9c71445a3f968acd71d8a847c40c fix(maps): end goal-zone routes inside their zones; add matrix consistency gate (#9762) (#9815)""], ""surface"": ""maps/successor_svg_maps/issue_9762_francis2023_narrow_hallway_goal_zone_entry_v2.svg"", ""url"": ""https://github.com/ll7/robot_sf_ll7/blob/d90bf2436e24dea33198a8bbaf6bbf4342b0edac/maps/successor_svg_maps/issue_9762_francis2023_narrow_hallway_goal_zone_entry_v2.svg""}, {""commits"": [""cb16bc2ec7f3a7ee768b3271f8b85a1ac47681cd"", ""596f137147d68c89fa1e6025bed4d8103a0b2bb4"", ""d9680cafb8ed3cfb577663039a1872eae497cfd8""], ""surface"": ""authored scenario horizon / binding contract (within-class source bundle, not a unique line cause)"", ""url"": ""https://github.com/ll7/robot_sf_ll7/commit/cb16bc2ec7f3a7ee768b3271f8b85a1ac47681cd""}]"
S049:new_collision,S049,sacadrl,francis2023_narrow_hallway,1002,new_collision,b,baseline scenario/map/horizon alone removes event; baseline planner alone does not; pedestrian chain trace identical,True,True,True,False,True,"[{""commits"": [""d695891269df9c71445a3f968acd71d8a847c40c fix(maps): end goal-zone routes inside their zones; add matrix consistency gate (#9762) (#9815)""], ""surface"": ""maps/successor_svg_maps/issue_9762_francis2023_narrow_hallway_goal_zone_entry_v2.svg"", ""url"": ""https://github.com/ll7/robot_sf_ll7/blob/d90bf2436e24dea33198a8bbaf6bbf4342b0edac/maps/successor_svg_maps/issue_9762_francis2023_narrow_hallway_goal_zone_entry_v2.svg""}, {""commits"": [""cb16bc2ec7f3a7ee768b3271f8b85a1ac47681cd"", ""596f137147d68c89fa1e6025bed4d8103a0b2bb4"", ""d9680cafb8ed3cfb577663039a1872eae497cfd8""], ""surface"": ""authored scenario horizon / binding contract (within-class source bundle, not a unique line cause)"", ""url"": ""https://github.com/ll7/robot_sf_ll7/commit/cb16bc2ec7f3a7ee768b3271f8b85a1ac47681cd""}]"
S050:success_to_failure,S050,sacadrl,francis2023_perpendicular_traffic,1001,success_to_failure,b,isolated adjacent source pair creates retained event at fixed baseline inputs/profiles: robot start footprint-clearance sampling (#9739 / #9725),True,True,False,False,False,"[{""commit"": ""b8dccb9c9f9ddc1f1cc3bb980ee260f851a727b2"", ""surface"": ""robot start footprint-clearance sampling (#9739 / #9725)"", ""url"": ""https://github.com/ll7/robot_sf_ll7/commit/b8dccb9c9f9ddc1f1cc3bb980ee260f851a727b2""}]"
S050:new_collision,S050,sacadrl,francis2023_perpendicular_traffic,1001,new_collision,b,isolated adjacent source pair creates retained event at fixed baseline inputs/profiles: robot start footprint-clearance sampling (#9739 / #9725),True,True,False,False,False,"[{""commit"": ""b8dccb9c9f9ddc1f1cc3bb980ee260f851a727b2"", ""surface"": ""robot start footprint-clearance sampling (#9739 / #9725)"", ""url"": ""https://github.com/ll7/robot_sf_ll7/commit/b8dccb9c9f9ddc1f1cc3bb980ee260f851a727b2""}]"
S051:success_to_failure,S051,sacadrl,francis2023_perpendicular_traffic,1002,success_to_failure,b,baseline scenario/map/horizon alone removes event; baseline planner alone does not; pedestrian chain trace identical,True,True,True,False,True,"[{""commits"": [""d695891269df9c71445a3f968acd71d8a847c40c fix(maps): end goal-zone routes inside their zones; add matrix consistency gate (#9762) (#9815)""], ""surface"": ""maps/successor_svg_maps/issue_9762_francis2023_perpendicular_traffic_goal_zone_entry_v2.svg"", ""url"": ""https://github.com/ll7/robot_sf_ll7/blob/d90bf2436e24dea33198a8bbaf6bbf4342b0edac/maps/successor_svg_maps/issue_9762_francis2023_perpendicular_traffic_goal_zone_entry_v2.svg""}, {""commits"": [""cb16bc2ec7f3a7ee768b3271f8b85a1ac47681cd"", ""596f137147d68c89fa1e6025bed4d8103a0b2bb4"", ""d9680cafb8ed3cfb577663039a1872eae497cfd8""], ""surface"": ""authored scenario horizon / binding contract (within-class source bundle, not a unique line cause)"", ""url"": ""https://github.com/ll7/robot_sf_ll7/commit/cb16bc2ec7f3a7ee768b3271f8b85a1ac47681cd""}]"
S051:new_collision,S051,sacadrl,francis2023_perpendicular_traffic,1002,new_collision,b,baseline scenario/map/horizon alone removes event; baseline planner alone does not; pedestrian chain trace identical,True,True,True,False,True,"[{""commits"": [""d695891269df9c71445a3f968acd71d8a847c40c fix(maps): end goal-zone routes inside their zones; add matrix consistency gate (#9762) (#9815)""], ""surface"": ""maps/successor_svg_maps/issue_9762_francis2023_perpendicular_traffic_goal_zone_entry_v2.svg"", ""url"": ""https://github.com/ll7/robot_sf_ll7/blob/d90bf2436e24dea33198a8bbaf6bbf4342b0edac/maps/successor_svg_maps/issue_9762_francis2023_perpendicular_traffic_goal_zone_entry_v2.svg""}, {""commits"": [""cb16bc2ec7f3a7ee768b3271f8b85a1ac47681cd"", ""596f137147d68c89fa1e6025bed4d8103a0b2bb4"", ""d9680cafb8ed3cfb577663039a1872eae497cfd8""], ""surface"": ""authored scenario horizon / binding contract (within-class source bundle, not a unique line cause)"", ""url"": ""https://github.com/ll7/robot_sf_ll7/commit/cb16bc2ec7f3a7ee768b3271f8b85a1ac47681cd""}]"
S052:success_to_failure,S052,scenario_adaptive_hybrid_orca_v2_bottleneck_yield_v4,francis2023_entering_room,1002,success_to_failure,unexplained,"both one-axis interventions remove event; multiple sufficient explanations, no unique class",True,True,True,True,True,[]
S053:success_to_failure,S053,scenario_adaptive_hybrid_orca_v2_bottleneck_yield_v4,francis2023_narrow_hallway,1002,success_to_failure,c,baseline planner/profile alone removes event; baseline scenario/map/horizon alone does not; pedestrian chain trace identical,True,True,False,True,True,"[{""commit"": ""5c27a404beb51f8b0207f726dcef49b143364d99"", ""surface"": ""historical v3 -> selected v4 frozen planner-profile replacement (#9932); within-class profile bundle, not unique line cause"", ""url"": ""https://github.com/ll7/robot_sf_ll7/commit/5c27a404beb51f8b0207f726dcef49b143364d99""}]"
S054:success_to_failure,S054,scenario_adaptive_hybrid_orca_v2_bottleneck_yield_v4,francis2023_pedestrian_overtaking,1002,success_to_failure,c,baseline planner/profile alone removes event; baseline scenario/map/horizon alone does not; pedestrian chain trace identical,True,True,False,True,True,"[{""commit"": ""5c27a404beb51f8b0207f726dcef49b143364d99"", ""surface"": ""historical v3 -> selected v4 frozen planner-profile replacement (#9932); within-class profile bundle, not unique line cause"", ""url"": ""https://github.com/ll7/robot_sf_ll7/commit/5c27a404beb51f8b0207f726dcef49b143364d99""}]"
S055:success_to_failure,S055,scenario_adaptive_hybrid_orca_v2_collision_guard_v4,francis2023_entering_room,1002,success_to_failure,unexplained,"both one-axis interventions remove event; multiple sufficient explanations, no unique class",True,True,True,True,True,[]
S056:success_to_failure,S056,scenario_adaptive_hybrid_orca_v2_collision_guard_v4,francis2023_narrow_hallway,1002,success_to_failure,c,baseline planner/profile alone removes event; baseline scenario/map/horizon alone does not; pedestrian chain trace identical,True,True,False,True,True,"[{""commit"": ""5c27a404beb51f8b0207f726dcef49b143364d99"", ""surface"": ""historical v3 -> selected v4 frozen planner-profile replacement (#9932); within-class profile bundle, not unique line cause"", ""url"": ""https://github.com/ll7/robot_sf_ll7/commit/5c27a404beb51f8b0207f726dcef49b143364d99""}]"
S057:success_to_failure,S057,scenario_adaptive_hybrid_orca_v2_collision_guard_v4,francis2023_pedestrian_overtaking,1002,success_to_failure,c,baseline planner/profile alone removes event; baseline scenario/map/horizon alone does not; pedestrian chain trace identical,True,True,False,True,True,"[{""commit"": ""5c27a404beb51f8b0207f726dcef49b143364d99"", ""surface"": ""historical v3 -> selected v4 frozen planner-profile replacement (#9932); within-class profile bundle, not unique line cause"", ""url"": ""https://github.com/ll7/robot_sf_ll7/commit/5c27a404beb51f8b0207f726dcef49b143364d99""}]"
